特定非営利活動法人アスカ海外文化交流会,0,49082314908231
特定非営利活動法人ケア・センターやわらぎ,6671686,1660000005400000012000000
特定非営利活動法人ジョイフルケア,0,10
特定非営利活動法人世界伝統医学生涯福祉厚生団,260000,260000
特定非営利活動法人医療福祉メディケアネット,200000,7850000
特定非営利活動法人日本国際人権推進協議会,180000,180000
特定非営利活動法人法律問題援護会,147236,1147236
特定非営利活動法人移動支援フォーラム,65188,18865188
特定非営利活動法人自立生活センター・サポート２４,1,5712244115500057277441
特定非営利活動法人ＵＮＩＶＥＲＳＡＬ環境カウンセラー協会,756664,30000530000
特定非営利活動法人市民福祉団体全国協議会,741912,19666548
特定非営利活動法人国土復興支援協会,0,23207
特定非営利活動法人全国資産に関する相談センター,0,10
特定非営利活動法人固体の力学研究会,0,297000297000
特定非営利活動法人日本シニアプラン開発機構,0,4
特定非営利活動法人日本稲藁輸入対策協議会,700000,732000
特定非営利活動法人留学協会,7718150,33850003895000
特定非営利活動法人自己啓発支援機構,5714292,5714292
特定非営利活動法人日本教育工学研究所,2035176,11200001120000
特定非営利活動法人日本コミュニティースポーツ連盟,0,240277
特定非営利活動法人トマティス聴覚・心理・発声ケア協会,4540558,244540558
特定非営利活動法人国際技術支援ネットワーク,0,1224000
特定非営利活動法人地質情報整備・活用機構,0,2900000011112523
特定非営利活動法人日本ホスピタル・クラウン協会,1522220,540000690000
特定非営利活動法人２１世紀産業創出研究会,0,3
特定非営利活動法人環境ネットワールド,8,530
特定非営利活動法人瀬戸福祉会,0,200000300000
特定非営利活動法人昭和の記憶,0,1497800044978000
特定非営利活動法人日本社会福祉愛犬協会,53733087,53733087
特定非営利活動法人新日本国際教育文化センター,0,2
特定非営利活動法人市民環境支援団体,19,400000400000
特定非営利活動法人中央コリドー情報通信研究所,10527416,10527416
特定非営利活動法人世界硬式空手道連盟,2851875,10612111079768
特定非営利活動法人パソコン整備士協会,0,1687291235761734
特定非営利活動法人ジョイフルワーク,717934,717934
特定非営利活動法人ECOPLUS,0,342602
特定非営利活動法人世界皮膚病新治療法組織機構,0,8
特定非営利活動法人全国市町村保健活動協議会,0,52886789
特定非営利活動法人地域財オークション会議,518378,518192518378
特定非営利活動法人宇宙空間産業研究会,0,26014
特定非営利活動法人日本予防医学代替医療協会,0,1500006001000
特定非営利活動法人日本環境経営者協会,0,240000270000
特定非営利活動法人茶道南坊流明鏡庵,0,15000150000
特定非営利活動法人日本仲人業協会,1,1856850
特定非営利活動法人リアルシティーズ,0,31
特定非営利活動法人ハンガー・フリー・ワールド,94357481,194357481
特定非営利活動法人アジア太平洋交流促進会,0,200000500000
特定非営利活動法人NGOBEANS,0,11100854115
特定非営利活動法人国際障害者スポーツ写真連絡協議会,112769,102745102745
特定非営利活動法人希望の会,0,800
特定非営利活動法人資源循環型社会推進機構,0,4488110
特定非営利活動法人日本自動車公正検定協会,5215075,34700003670000
特定非営利活動法人世界多聞内神道武道連盟,47726780,4421189944211899
特定非営利活動法人プリタ・インドネシア教育基金,0,1796077
特定非営利活動法人ピア・すまいる,0,12
特定非営利活動法人安全サポート協会,3275541,25700002571000
特定非営利活動法人女性の住まいの相談室,0,857386
特定非営利活動法人少額短期保険協会,1,5174880
特定非営利活動法人愛心健康福祉友の会,0,8452166
特定非営利活動法人未来の学校,9,9
特定非営利活動法人西林,0,831
特定非営利活動法人日本動物看護士協会,0,3
特定非営利活動法人新世紀交流機構,0,12
特定非営利活動法人MORIMORIネットワーク,0,2145105000105000
特定非営利活動法人ISAPH,2106000,20400002040000
特定非営利活動法人地球と共に生きる会,1229529,12267941226794
特定非営利活動法人医療ネットワーク支援センター,0,43951800
特定非営利活動法人国連機関沖縄誘致推進センター,0,1208000
特定非営利活動法人国際ビジネスモデル総研,1400000,1400000
特定非営利活動法人多言語広場ＣＥＬＵＬＡＳ,12921896,18889721888972
特定非営利活動法人日本童謡の会,0,20132303
特定非営利活動法人ＬＥＤ,0,50000
特定非営利活動法人ＨＡＮＤＳ高知,42693783,148966152987
特定非営利活動法人ハートフル福祉募金,4538403,27213434328314
特定非営利活動法人クリーンこしみず,962379,962379
特定非営利活動法人しらゆり会,1,11250001125000
特定非営利活動法人クリスベースボールアカデミー,0,12
特定非営利活動法人国際文化学習協会,1473420,2152608
特定非営利活動法人東亜連盟,0,203000010380000
特定非営利活動法人瀬戸内国際観光協議会,0,100000200000
特定非営利活動法人寒冷地国際交流促進協会,0,500000850000
特定非営利活動法人人・家・街安全支援機構,0,9141503
特定非営利活動法人ケアサポートスバル,0,150000
特定非営利活動法人ライフサポート,208804,170000170000
特定非営利活動法人リアルタイム地震情報利用協議会,0,2821209392821
特定非営利活動法人人財育成支援センター,0,189000
特定非営利活動法人全国精神障害者ネットワーク協議会,3903306,30143203014320
特定非営利活動法人日本健康増進協会,0,2772271
特定非営利活動法人関西環境とインフラを考える会,0,472000111338360662
特定非営利活動法人聴導犬普及協会,8,10883528
特定非営利活動法人有機農業生産物ネットワークチャンス,0,9
特定非営利活動法人こころのビタミン研究所,0,0
特定非営利活動法人まちづくり・住環境ネットワーク,18,3920000
特定非営利活動法人コアカウンセリング支援協会,31491955,142450030884665
特定非営利活動法人地方自立政策研究所,0,22881169304185
特定非営利活動法人日本リフレッシュセラピー普及協会,25000002233400266600,25000002233400266600
特定非営利活動法人砂防広報センター,0,31
特定非営利活動法人風の里,3532500,35000003500000
特定非営利活動法人社会開発基本問題研究会,1565520,15000001500000
特定非営利活動法人東進授産協会,0,600000600000
特定非営利活動法人日本スポーツコーチ＆トレーナー協会,0,10
特定非営利活動法人ホールアース研究所,0,4493537766963402
特定非営利活動法人グローバルプロジェクト推進機構,0,957000
特定非営利活動法人全国健康産業団体連合会,0,3
特定非営利活動法人日本医療コンシェルジュ研究所,1,7525286
特定非営利活動法人輝望塾,0,100000100000
特定非営利活動法人日本資産評価士協会,1279465,1279465
特定非営利活動法人持続可能な社会をつくる元気ネット,0,20680002068000
特定非営利活動法人マイタウン・コンシェルジェ協議会,9000,9000
特定非営利活動法人ハッピネスリゾート,0,7
特定非営利活動法人ニュークイック社会貢献活動協会,6425308,63449016344901
特定非営利活動法人みどりのエヌピーオー,44000,500000500000
特定非営利活動法人ビバシティ,0,18
特定非営利活動法人フォーエヴァー　グリーン,0,942250942250
特定非営利活動法人国際技術交流支援協会,0,32900013290004
特定非営利活動法人環境市民,0,751657357110579000
特定非営利活動法人営業支援隊,0,200731
特定非営利活動法人全日本スルーネットピンポン協会,0,1088000
特定非営利活動法人日本マーケティングプライバシー認証機構,230000,230000
特定非営利活動法人日本医療保健推進機構,0,41760124176018
特定非営利活動法人日本環境・防災社会システム推進機構,13095161,373200010769279
特定非営利活動法人玄冬学舎,0,3720000137200001
特定非営利活動法人環境保全一進会,1600000,10000001000000
特定非営利活動法人環境と法律研究協会,0,4
特定非営利活動法人日本ライフセービング協会,0,600000059842741572610091
特定非営利活動法人中小企業支援協会,0,17
特定非営利活動法人よしのの里,7,51
特定非営利活動法人いけばな文化振興普及協會　いけはなｗｏｒｋｓ,4704871,4704871
特定非営利活動法人アウトドア・エジュケーション・ジャパン,35,35
特定非営利活動法人アスベスト処理推進協議会,20000000,20000000
特定非営利活動法人スポーツ健康援護協会,5338794,870000960000
特定非営利活動法人健康増進推進機構,1010456,10100001010000
特定非営利活動法人国際薬膳協議会,0,450000
特定非営利活動法人地球のまちと環境づくりネットワーク,0,307
特定非営利活動法人日本ネパール女性教育協会,0,11832467
特定非営利活動法人日本茶インストラクター協会,135131044,76558104102029154
特定非営利活動法人環境技術支援協会,293000,120000120000
特定非営利活動法人Ｏｕｒ　Ｃｏｍｍｏｎ　Ｆｕｔｕｒｅ,0,11111100
特定非営利活動法人知価社会ヒューマンネット,96000,96000
特定非営利活動法人日本空手道道場会,0,4556500
特定非営利活動法人いのちの森づくりネットワーク,0,2
特定非営利活動法人クオリティライフ支援協会,0,1907000111
特定非営利活動法人リベラ,0,11
特定非営利活動法人医療情報通信システム研究会,0,1
特定非営利活動法人全国女性シェルターネット,0,17307357
特定非営利活動法人環境資源保全研究会,0,10100000100000
特定非営利活動法人個人情報保護有識者会議,150000,50000150000
特定非営利活動法人あいうえお,136000,481980216427597
特定非営利活動法人ハッピーエンジェルス楽団,0,50001611317
特定非営利活動法人全国学生保障援助会,0,8500085000
特定非営利活動法人国際支援交流協会,0,500
特定非営利活動法人国際環境検定機構,0,115
特定非営利活動法人ＭＥＥ研究会,584467,10000001000000
特定非営利活動法人日本デンタルビジョン,0,6
特定非営利活動法人施設マネジメント研究会,13170321,49400006200000
特定非営利活動法人住宅百十番,14,1414
特定非営利活動法人乳房健康研究会,250000,200618400029853628
特定非営利活動法人全国人権推進協議会,26057570,26057570
特定非営利活動法人国際文化振興協会,0,10206001020600
特定非営利活動法人国際連合活動支援クラシックライブ協会,37589003,37589003
特定非営利活動法人技術経営戦略研究所,0,1391250016380000
特定非営利活動法人日本一般労働者派遣協会,751000,750000750000
特定非営利活動法人自立生活支援センター・もりおか,29505290,229505290
特定非営利活動法人中部社会福祉第三者評価センター,26727346,2111426127614
特定非営利活動法人ナトコの映画館文化事業,171454,171454
特定非営利活動法人全国コミュニティライフサポートセンター,0,82913753
特定非営利活動法人全土佐犬友好連合会,3409205,740000740000
特定非営利活動法人国連支援交流協会,18398373,40950004095000
特定非営利活動法人地球環境融合センター,28,4722838
特定非営利活動法人日本カイロプラクティック療法技術支援協会,392043,252000291000
特定非営利活動法人日本ミュージックケア協会（ＪＭＣＡ）,0,18652175
特定非営利活動法人闘病患者支援協会,235000,6500065000
特定非営利活動法人日本車いすダンススポーツ連盟,0,12219020
特定非営利活動法人介護予防フロンティア,752650,298200298200
特定非営利活動法人グローバル人材育成協会,1,3
特定非営利活動法人日本子守唄協会,32524396,1208997521963056
特定非営利活動法人日本情報保全協会,0,600000630000
特定非営利活動法人ＡＭＩＥの会,2121800,2121800
特定非営利活動法人Ｂｅａｕｔｉｆｕｌ　Ｆａｍｉｌｙ,0,12235889099388
特定非営利活動法人Ｗｉｌｌ国際文化交流研究所,0,39283574073357
特定非営利活動法人緑の大地,0,1229090
特定非営利活動法人アートワーク・ジャパン,2879988,28320002832000
特定非営利活動法人チャイルドライン支援センター,0,165000022000002740000540000124511
特定非営利活動法人岡崎研究所,80057886,4145088041450880
特定非営利活動法人日本ヘルスツーリズム振興機構,0,241551010
特定非営利活動法人日本総合相談センター,60000,360000420000
特定非営利活動法人緑の地球プロジェクト,0,865011
特定非営利活動法人ＳＴＳフォーラム,227980000,129000000129000000
特定非営利活動法人ＮＰＯフレンズ,0,2975700
特定非営利活動法人港総合研究所,0,4
特定非営利活動法人海外留学協議会,0,3124171
特定非営利活動法人日中協力中心,0,8
特定非営利活動法人ウィザード,0,7
特定非営利活動法人国際交友協会,1470000,1470000
特定非営利活動法人全国移動福祉理美容車協議会,3362242,8000003360000
特定非営利活動法人産業開発育成機構,1200000,100000200000
特定非営利活動法人自立化支援ネットワーク,2097420,1277201454920
特定非営利活動法人首都圏環境カウンセラー協会,1435000,1435000
特定非営利活動法人首都圏民住宅事業支援協会,0,17912455
特定非営利活動法人日本青少年キャリア教育協会,23847800,23847800
特定非営利活動法人美養研究会,0,1326451
特定非営利活動法人愛の会,0,30000002749429250571
特定非営利活動法人市民生活安全推進協議会,0,12
特定非営利活動法人コンテンツ著作権管理推進協議会,0,8
特定非営利活動法人ギルフォード教育センター,0,68400006840000
特定非営利活動法人インターンシッププラクティスジャパン,7,77
特定非営利活動法人ArtManagementStation(ArMS),0,2
特定非営利活動法人スリーアンツ,0,5000016000340001000
特定非営利活動法人健康大学校,0,8876745
特定非営利活動法人ＭＡＤＤ　Ｊａｐａｎ,0,23324222133
特定非営利活動法人東京漕艇倶楽部,885766,762000762000
特定非営利活動法人新エネルギー推進会議,200000,200000200000
特定非営利活動法人徳之島「夢」振興会議,2836633,1220002453631
特定非営利活動法人ライフサポートはりま,34993761,34993761
特定非営利活動法人グローバル・コロキウム,20260343,756000012579000
特定非営利活動法人ひむか元気社,1,113578741
特定非営利活動法人アミューズメント・バリアフリー協会,0,117420102
特定非営利活動法人日本保安調査協会,0,8
特定非営利活動法人日本機能食品･環境ホルモン検査認証センター,0,100000
特定非営利活動法人環境生物工学研究所,0,12
特定非営利活動法人経済人権保全機構,0,7
特定非営利活動法人鹿児島環境資源ネットワーク,830000,830000
特定非営利活動法人環境教育フォーラム,0,11000030000
特定非営利活動法人楽っ子,400000,360000612000252000
特定非営利活動法人日本靴工業会,19715889,1164000012740000
特定非営利活動法人日本ファシリテーション協会,18951304,20755009585504
特定非営利活動法人イー・エルダー,0,100000053923816
特定非営利活動法人ソフトインダストリー研究会,0,954141
特定非営利活動法人ホホコミュニティ元気普及協会,0,98600006235149
特定非営利活動法人全国ＧＩＳ技術研究会,0,3237277
特定非営利活動法人転ばぬ先の杖,97467,9746797467
特定非営利活動法人ＵＳ−Ｊａｐａｎ　ＬＩＮＫ,0,6850367
特定非営利活動法人支援センターたすけ愛クラスター,156000,156000156000
特定非営利活動法人リスクマネジメント推進支援機構　リスク・エイド,0,372001021335061586304
特定非営利活動法人ITステーション「市民と建設」,0,1627922
特定非営利活動法人いじめ根絶推進会議　全国老人福祉介護会,1,1
特定非営利活動法人バイオフィリア　リハビリテーション学会,0,24000002400000
特定非営利活動法人南部総研,0,12
特定非営利活動法人国際文化交流協会,0,950003
特定非営利活動法人日本アロマセラピー機構,0,12
特定非営利活動法人日本オリンピック・アカデミー,2339297,10000001000000
特定非営利活動法人日本福祉協会,0,60000
特定非営利活動法人交通事故サポートプログラム,0,4343249
特定非営利活動法人ホームオフィスアソシエーション,0,11
特定非営利活動法人国際交渉研究所,276000,100000100000
特定非営利活動法人ＩＨＤ交流協会,0,1
特定非営利活動法人日本成人矯正歯科学会,0,1100000160640004964000
特定非営利活動法人ヘルスアンドスポーツサポート,27919971,1111222911112229
特定非営利活動法人エコシステム,0,39016553901655
特定非営利活動法人国際ロボフェスタ協会,480000,100000100000
特定非営利活動法人国際緊急医療・衛生支援機構,0,85000100000150001411
特定非営利活動法人日本ペットドッグトレーナーズ協会,11430782,11430782
特定非営利活動法人理美容学術研究学会,0,4815144
特定非営利活動法人紅葉倶楽部,17617000,781200011067000
特定非営利活動法人ＳＥＩＬＡ,0,8
特定非営利活動法人アティスカウンセリング協会,1686100,342500342500
特定非営利活動法人よかヘルプ,0,72248088
特定非営利活動法人ヒューマンサポートセンター　さが,13151398,13782402
特定非営利活動法人日本テクノマート,1300080,900000900000
特定非営利活動法人日本ファイナンシャル・プランナーズ協会,3352090760,10995350161285876957
特定非営利活動法人日本環境技術推進機構,0,4
特定非営利活動法人日本黄色い羽根協会,0,852740070518241475576
特定非営利活動法人日本住宅販売審査協会,3450292,26100002610000
特定非営利活動法人日本人権擁護センター,0,31
特定非営利活動法人ユニフェム日本国内委員会,10642637,62118106311810
特定非営利活動法人ソシオプロジェクト,1430734,14307341430734
特定非営利活動法人はたらくチカラ,0,14077801407780
特定非営利活動法人国際青少年交流協会,0,23585965896492
特定非営利活動法人安心預託機構,0,41764
特定非営利活動法人国際社会人剣道クラブ,2007,95700009570000
特定非営利活動法人疾患啓発推進センター,5000,5000
特定非営利活動法人産業技術活用センター,0,12975002206980
特定非営利活動法人日本理美容福祉協会,0,730526428723154432949
特定非営利活動法人世界保健学会,485000,485000
特定非営利活動法人チャーム,35188680,35188680
特定非営利活動法人国際グリーンライフ協会,46000,50653
特定非営利活動法人全国カイロプラクティック研修機構,1,300000
特定非営利活動法人日本ダウン症ネットワーク,12,18
特定非営利活動法人日本ホームページ協会,0,8
特定非営利活動法人日本芝草研究開発機構,54366879,2200046357330
特定非営利活動法人ＮＰＯ学校支援協議会,1,18680001868000
特定非営利活動法人日本住宅工事評価規準協会,0,0
特定非営利活動法人日本ブリーダー協会,0,7
特定非営利活動法人日中学術文化交流センター,0,123000120003000
特定非営利活動法人世界環境改善連合,2163159,12707571270757
特定非営利活動法人トウミ,0,10
特定非営利活動法人アシスタント,1755000,350000350000
特定非営利活動法人りすシステム,0,116234724846229145415377
特定非営利活動法人フェイシャルセラピスト協会,0,91283759128375
特定非営利活動法人全国避難標識協会,7165000,7165000
特定非営利活動法人学術研究ネット,329960,247000247000
特定非営利活動法人日本トラベルヘルパー協会,0,4904062
特定非営利活動法人災害看護支援機構,0,1062480
特定非営利活動法人エヌエスネット,1,121960001
特定非営利活動法人フラジャパン文化協会,0,9
特定非営利活動法人日本カラーセラピー協会,5153046,9975001985900
特定非営利活動法人日本セキュリティ監査協会,0,11233175010180995240521798
特定非営利活動法人ＰＡＦ,0,597229
特定非営利活動法人自然体験活動推進協議会,44440873,1556153936007659
特定非営利活動法人環境共棲住宅地球の会,16527160,52900011893000
特定非営利活動法人投資と学習を普及・推進する会,0,96000000101407496
特定非営利活動法人借入れ返済相談センター,0,21246450
特定非営利活動法人エイジネットワーク,1347451,1347451
特定非営利活動法人心大楽,0,3773820
特定非営利活動法人日本ベテランズ倶楽部,0,11000400
特定非営利活動法人日本・クロアチア友好協会,0,525025
特定非営利活動法人日本技術経営責任者協議会,8,22505502250550
特定非営利活動法人日本福祉サポートセンター,0,7
特定非営利活動法人日本臨床美術協会,11901663,17916501923650
特定非営利活動法人自然にかえれ,643065,331045643045
特定非営利活動法人龍谷経営者の会,1460089,1460089
特定非営利活動法人第三者機関偕高会,0,1000001012000
特定非営利活動法人セクシャルハラスメント協議会,775958,2000000020000000
特定非営利活動法人ふれあいの家−おばちゃんち,0,4100000255000155000
特定非営利活動法人アナック,0,300000504000
特定非営利活動法人アミティエ・スポーツクラブ,0,2000029088
特定非営利活動法人エックススポーツクラブ,1662600,16626001662600
特定非営利活動法人ゴルフパーク,0,2460000024600000
特定非営利活動法人健康医学普及協会,484277081,443327136443568636
特定非営利活動法人国際協力情報センター,0,1413388
特定非営利活動法人自分らしい生き方を支援する情報ネットワーク,0,100000100000
特定非営利活動法人青森ITSクラブ,0,36572066
特定非営利活動法人科学探検隊,0,81
特定非営利活動法人成年後見サポート二十一,110,1931
特定非営利活動法人イエローガイズ,146689,39146689
特定非営利活動法人はつらつ,330000,330000
特定非営利活動法人プロア・エデュケーション,0,1662771
特定非営利活動法人吹奏楽振興ネットワーク,0,442675465975
特定非営利活動法人地盤と住まいを守る会,0,931
特定非営利活動法人日本ケナフ開発機構,4956641,4956641
特定非営利活動法人雪氷環境プロジェクト,0,10001000
特定非営利活動法人ＪＯＹヒーリングの会,8,1361674914402569
特定非営利活動法人日本パーソナルカラー協会,16619092,4950001855000
特定非営利活動法人事業継続推進機構,0,58000005800000
特定非営利活動法人ランドガード,0,464468
特定非営利活動法人住宅生産性研究会,1,70370007037000
特定非営利活動法人市民参加型リサイクル推進協会,0,4
特定非営利活動法人日本モータースポーツ振興会,0,18
特定非営利活動法人芙蓉クラブ,5707208,5707208
特定非営利活動法人生活習慣環境改善協会,1740000,17400001740000
特定非営利活動法人日本経営士協会,0,4
特定非営利活動法人日本ホメオパシー会,0,350000
特定非営利活動法人日本アイソネット協会,0,1132
特定非営利活動法人ブライト,29120,200000000000
特定非営利活動法人アールあいビルアセスメント,11113958,18000001800000
特定非営利活動法人創業者支援ネットワーク,776472,776472776472
特定非営利活動法人日本厚生協会,0,10
特定非営利活動法人日本インドネシア国際協力医療センター,290025,290025
特定非営利活動法人ライフネット・コア,7,431
特定非営利活動法人ハーティ,6793526,6793526
特定非営利活動法人ディスクロージャー実務検定協会,0,1220000
特定非営利活動法人和みの里,0,120000120000
特定非営利活動法人国際ペタンク指導協会,0,101101
特定非営利活動法人日本ヨガ連盟,141913,141913
特定非営利活動法人日本整体検定協会,1038000,10380001038000
特定非営利活動法人高等教育振興機構,1,8006340
特定非営利活動法人東アジア国際ビジネス支援センター,0,250000
特定非営利活動法人星槎教育研究所,1173023,592823592823
特定非営利活動法人日本ＳＤスポーツ協会,0,9
特定非営利活動法人日中演劇交流話劇人社,637000,47358013397862249495428876806937
特定非営利活動法人教育支援協会,0,282930000256671487
特定非営利活動法人情報技術普及促進コンソーシアム,0,1201002
特定非営利活動法人スポーツ・コミュニティ・アンド・インテリジェンス機構,0,8148845
特定非営利活動法人グリーンフィールド黒保根協会,0,3142
特定非営利活動法人ステビア農産物流通推進機構,0,2100000
特定非営利活動法人セキュアなデジタル社会を推進する会,4896751,39700003970000
特定非営利活動法人フラワーキャンドル,0,7
特定非営利活動法人三次元デジタル技術検定協会,0,7777
特定非営利活動法人倫理生活指導センター,99995366,928728014630430
特定非営利活動法人全日本セフティー協会,0,2685168
特定非営利活動法人地域伝統文化活動支援協議会,0,8
特定非営利活動法人地球元気村,107317,107317107317
特定非営利活動法人台所油田,3210,3210
特定非営利活動法人外国人支援センター,111,1111111111111111111111111111111111111111111111111111111111111111111111111111111111111
特定非営利活動法人教育制度研究フォーラム,44154600,44154600
特定非営利活動法人日本エンプロイアビリティ支援機構,9,350000147000203000
特定非営利活動法人日本粒状改良土協会,0,11271734
特定非営利活動法人ＮＰＯ　国際興業２１,50029325,1500000015000000
特定非営利活動法人ＴＯＭネット,20111465,1595715016994790
特定非営利活動法人ＳＡＬＡ,42649982,4249551842495518
特定非営利活動法人ＪＣＡ・日本愛犬協議会,114507,42000114507
特定非営利活動法人水質協会,0,84800
特定非営利活動法人日本食育協会,54512452,54512452
特定非営利活動法人日本ウェルフェアフィットネス協会,155000,155000
特定非営利活動法人尚美流全日本和装協会,0,8623700186237001
特定非営利活動法人中小企業アイティー化支援協会,1440000,1440000
特定非営利活動法人スポーツメディカル協会,0,15000001643250143250
特定非営利活動法人メコン総合研究所,0,15774575
特定非営利活動法人住環境測定協会,1,4663325
特定非営利活動法人国際芸能文化交流センター,0,1
特定非営利活動法人国境なき奉仕団,0,3250973
特定非営利活動法人文化財保存ネットワーク,2,21304221
特定非営利活動法人新生福祉共済機構,0,1035052
特定非営利活動法人日本アピセラピー協会,5488865,15447651745765
特定非営利活動法人ＣＣＣアソシエーション,0,860000
特定非営利活動法人ＡＣＴ．ＪＴ,14180551,34796420551
特定非営利活動法人肢体能力退行予防推進の会,0,4
特定非営利活動法人樹木・環境ネットワーク協会,0,2022220420697504
特定非営利活動法人日本福祉活動センター,0,669900669900
特定非営利活動法人日本IＮＧＯ,0,2048430
特定非営利活動法人建築市場研究会,0,12000000200000
特定非営利活動法人スポーツコミュニティ,7,1587170
特定非営利活動法人あいアイ,7204703,23787102378710
特定非営利活動法人まちつくり技術情報システム,0,6518210
特定非営利活動法人ハビタット・フォー･ヒューマニティ・ジャパン,0,2197790229413102
特定非営利活動法人ユネスコ文化の多様性を支える技術ネットワーク,0,500000500000
特定非営利活動法人日本伝統文化振興協会,33000,300033000
特定非営利活動法人日本美容技術振興センター,41419947,54600005860000
特定非営利活動法人日本補聴器技能者協会,5829070,674990000
特定非営利活動法人日本食品機能研究会,0,34000003400000
特定非営利活動法人農業者の会,160000,60000160000
特定非営利活動法人ＰＣ建築技術支援センター,0,810000835000
特定非営利活動法人花粉情報協会,36319798,1799492817994928
特定非営利活動法人知的財産研究推進機構,26177777,1427400014274000
特定非営利活動法人日本関西福祉教育センター,0,12603535
特定非営利活動法人日本サポートシステム,0,100042
特定非営利活動法人ユニバーサル社会工学研究会,0,1010000650000360000
特定非営利活動法人スペシャルオリンピックス日本,0,253209221
特定非営利活動法人ジャパン・カインドネス協会,0,2981000028415482
特定非営利活動法人ギャラリープラザネット,1342605,17500205500
特定非営利活動法人ジャパンウェイ,514737,18267811826781
特定非営利活動法人マンション管理支援協会,0,83116150811111111111111111111111
特定非営利活動法人ユーラシア青少年交流推進支援センター,83927863,8179109281791092
特定非営利活動法人介護現場支援センター,2298000,2298000
特定非営利活動法人全国介護理美容福祉協会,0,70000018651951165195
特定非営利活動法人実現する青年団,300000,200000300000
特定非営利活動法人日中帰国者厚生連合会,0,4
特定非営利活動法人日本保全学会,0,57702572
特定非営利活動法人日本動物文化技術協会,0,37280037
特定非営利活動法人河川環境基金,8,39790003979000
特定非営利活動法人西日本生活支援センター,4782672,1621154782672
特定非営利活動法人ＮＰＯ日本食育インストラクター協会,0,10000000
特定非営利活動法人ＰＦＩ日本公共投資事業団,0,4
特定非営利活動法人福祉用具住環境支援協会,0,200000
特定非営利活動法人日本危機管理学総研,0,120000120000
特定非営利活動法人日本フラワーセンダー協会,67816760,678144176
特定非営利活動法人日本スポーツ振興協会,0,140811474140811474
特定非営利活動法人山形らいふめぇと企画,58182712,12502058182712
特定非営利活動法人イノベーターズ・フォーラム,7806181,72191717806181
特定非営利活動法人アース　ワーカー　エナジー,401450,401450401450
特定非営利活動法人りんごの里,8,200036000
特定非営利活動法人アジア人権協議会,0,99502709950270
特定非営利活動法人インフォメーションセンター,0,141111111111
特定非営利活動法人ニューイング,0,480000480000
特定非営利活動法人世界遺産ネットワーク,0,980002058000
特定非営利活動法人危機管理対策相談センター,0,17
特定非営利活動法人子どもに音楽を,1875000,625000625000
特定非営利活動法人健康医療評価研究機構,319067911,459318851
特定非営利活動法人全国障害者自立IT教育センター,0,4
特定非営利活動法人化学物質過敏症支援センター,0,3125000027318507
特定非営利活動法人国際アイアン・イーグルス,561387,120000120000
特定非営利活動法人青少年異文化交流推進協会,23991924,2316524923165249
特定非営利活動法人環境会議所,0,495834
特定非営利活動法人二四時間社会福祉ネットワーク,270000,270000
特定非営利活動法人オーソティックスソサエティー,12093249,12093249
特定非営利活動法人オーガニックライフ,1678000,1435952853368
特定非営利活動法人エル・エンジェル国際ボランティア協会,0,46900004690000
特定非営利活動法人NPO　ヒューマンコミュニケーションネットワーク,0,0
特定非営利活動法人あい,0,147435419
特定非営利活動法人アイケア・ネット,7978504,19305001930500
特定非営利活動法人アサヒケア,135418,122900135400
特定非営利活動法人サステイナビリティ・アジア塾,121600,1600121600
特定非営利活動法人日本サイエンスサービス,3637648,25500002550000
特定非営利活動法人日本メンタルフローラルアドバイザー普及協会,800000,800000
特定非営利活動法人日本煎茶趣味協会,567199,63000567000
特定非営利活動法人障害ランド,43118870,4311462343114623
特定非営利活動法人消費者住宅支援ネット,0,11333004333300
特定非営利活動法人東京英語いのちの電話,0,3089236130892361
特定非営利活動法人東京ジョイント・モール,1036563,722650735650
特定非営利活動法人日本医学ジャーナリスト協会,1663730,150000578000
特定非営利活動法人文化行政サポートセンター,3626851,16312423626447
特定非営利活動法人師範塾,0,11130130000
特定非営利活動法人上総国際高度専門職教育研究学会,0,1931
特定非営利活動法人トランスポート・トラスト・ジャパン,0,56000
特定非営利活動法人みんなで教材を作ろう,4,9
特定非営利活動法人セレ・インターナショナル,0,1
特定非営利活動法人国際医療ボランティアＴＡＳ,8,607000607000
特定非営利活動法人子ども英会話教師養成協会,0,326260
特定非営利活動法人国際ボランティア支援センター,0,352
特定非営利活動法人日本在郷警友會,12065683,29100009947000
特定非営利活動法人早稲田フロンティア創生機構,0,20000
特定非営利活動法人東京バドミントンクラブ,0,1253464
特定非営利活動法人起業とキャリア支援センター,35000,35000
特定非営利活動法人生活情報推進ネットワーク,0,247172702471727
特定非営利活動法人環境技術協会,13456090,13456090
特定非営利活動法人日本住宅スタイル研究機構,0,9
特定非営利活動法人日本ヘルス協会,11,111596411772208236
特定非営利活動法人e-AssociatesJapanNGO,0,1398111100
特定非営利活動法人しらかば,6571580,6608417
特定非営利活動法人ジャパン環境福祉援護ネットワーク協会,263736,263736
特定非営利活動法人ハウスプロテクト,0,397397
特定非営利活動法人国際交流促進協会,125000,200631
特定非営利活動法人全国不登校新聞社,0,15298111
特定非営利活動法人全国引きこもりＫＨＪ親の会（家族会連合会）,11304699,41898806047880
特定非営利活動法人夢・未来,0,20000120000
特定非営利活動法人日本スパ振興協会,0,199300200410
特定非営利活動法人環境リサーチ研究所,3450000,23000002400000
特定非営利活動法人高度情報通信推進協議会,6757000,1044677110446771
特定非営利活動法人美術ファンクラブ,2160130,20500002050000
特定非営利活動法人日本環境共生研究所,0,9
特定非営利活動法人日本ナルコレプシー協会,2172958,188002172958
特定非営利活動法人マツリ環境デザイン・インターナショナル・アソシエイション,0,4430400
特定非営利活動法人プロフェショナル・バーテンダーズ機構,0,9382265
特定非営利活動法人アオダモ資源育成の会,10362971,55389585538958
特定非営利活動法人がん患者団体支援機構,0,11
特定非営利活動法人ミラクルプラネット,0,3
特定非営利活動法人ワーキングドックサポートセンター,1652000,264000732000
特定非営利活動法人人材パワーアップセンター,0,19256925039100076341368757
特定非営利活動法人元気な120才を創る会,0,160000018
特定非営利活動法人地球環境ＨＯＭＥ,6016379,50438525043852
特定非営利活動法人多文化共生センター,0,3979586
特定非営利活動法人公益セクター調査研究所,0,425000425000
特定非営利活動法人国産大豆研究会,10000,152392152392152392
特定非営利活動法人日本健康づくり推進協会,9,931
特定非営利活動法人都市環境標識協会,2930129,26528642652864
特定非営利活動法人高齢社会の住まいをつくる会,1384287,140000864000
特定非営利活動法人ＤＥＶＮＥＴ国際後援日本協会,1,113325001
特定非営利活動法人環境圏研究所,0,752236875
特定非営利活動法人湿式仕上技術センター,0,2340001674000
特定非営利活動法人水環境再生協会,13075003,500000500000
特定非営利活動法人日本興信探偵業協会,0,8188950
特定非営利活動法人日本子どもＮＰＯセンター,0,1000000540000460000
特定非営利活動法人日本ジュニアスポーツ育成協会,580000,420000580000
特定非営利活動法人日本キネシオン協会,0,1165000515000
特定非営利活動法人ムクゲファミリー,0,89613922
特定非営利活動法人プロトン医学研究所,0,460000460000900000
特定非営利活動法人カームフラワーデザインアソシエーション,4295309,15360001589000
特定非営利活動法人ひまわりの森,6679555,6679555
特定非営利活動法人スモリ,9,345345
特定非営利活動法人ヘリテイジ・トラスト,0,405530
特定非営利活動法人マンションＩＴ化支援センタ,0,6635685
特定非営利活動法人国際交流　伽倻舞楽団,0,600212306
特定非営利活動法人金融知力普及協会,90620068,90620068
特定非営利活動法人ＰＢＥＯ,0,91350
特定非営利活動法人ＳＯＷ,1030003,10000001030003
特定非営利活動法人Ｊ・Ｈ・Ｅ協会,0,1058870010588700
特定非営利活動法人ＩＴプロ技術者機構,0,323456
特定非営利活動法人日本移植者協議会,18577088,18577088
特定非営利活動法人日本健康医学情報センター,0,11
特定非営利活動法人シュアリスト,0,755
特定非営利活動法人アイアンドユー,0,9999999999
特定非営利活動法人アイボリークラブ,0,132000242000
特定非営利活動法人コミュニティ・コンサルタント,55,5500005
特定非営利活動法人ニッポン・アクティブライフ・クラブ,219360,82828180010
特定非営利活動法人全国海外子女教育国際理解教育研究協議会,3893168,1200003893000
特定非営利活動法人日本インプラント推進協議会,0,11
特定非営利活動法人日本心理専門士協会,0,0
特定非営利活動法人環境の未来を考える会,0,38126204046620
特定非営利活動法人育桜会,0,10000650000
特定非営利活動法人ＬＥＣ研究所,300000,300000
特定非営利活動法人日本新生児福祉協会,9,943
特定非営利活動法人日本情報技術取引所,169625861,1135000152815000
特定非営利活動法人日本安全推進協会,0,4100000
特定非営利活動法人文化財保存支援機構,0,36559285
特定非営利活動法人アクティブ　エイジング　アソシエーション・ジャパン,0,7
特定非営利活動法人コム・サポート　プロジェクト,61449082,61449082
特定非営利活動法人サービス　フォー　ピース,0,11200008821000
特定非営利活動法人九州ウエルネス研究所,281000,281000
特定非営利活動法人住環境の騒音・振動・低周波音を考える会,372009,8300083000
特定非営利活動法人全国産業企業協会,0,4
特定非営利活動法人国際総合研究機構,0,77000009280000
特定非営利活動法人全国生涯学習まちづくり協会,0,226962912994168
特定非営利活動法人日本ウェルネス振興協会,0,3619336193
特定非営利活動法人日本学際会議　社会貢献研究所,0,120000120000
特定非営利活動法人若い芽を育てる会,0,63225001239510
特定非営利活動法人環境技術支援ネットワーク,1,7350001735000
特定非営利活動法人日本福祉美容協会,300000,300000300000
特定非営利活動法人日本歯科ボランティア機構,12434779,73523387352338
特定非営利活動法人日本整膚心道学園,0,105386974
特定非営利活動法人日本情報通信研究開発機構,9254780,92547809254780
特定非営利活動法人日本インターネット水泳協会,742328,742328
特定非営利活動法人ライフ・ベンチャー・クラブ,0,733000853000
特定非営利活動法人マンション再生・建替・支援センター,0,320000
特定非営利活動法人トライ,0,111000111000
特定非営利活動法人ゴルフビジネスフェデレーション,0,176400
特定非営利活動法人エヌピーオー社会福祉事業振興会,0,2555308497640793
特定非営利活動法人アースマザー,0,15055101655510
特定非営利活動法人みんなの住まい,0,200731
特定非営利活動法人インターネットビジネス研究所,20000,1953937
特定非営利活動法人グローバル・スポーツ・アライアンス,36100992,787466825739278
特定非営利活動法人タンポポ,0,5000050000
特定非営利活動法人ブループラネット・ソサエティ,0,214100000
特定非営利活動法人健康未来研究所,0,11225272
特定非営利活動法人国際カイロプラクティック教育審査機構,0,386795
特定非営利活動法人地球倶楽部ネットワーク２０００,0,49173094
特定非営利活動法人夢プランニング,200000,200000200000
特定非営利活動法人国際写真文化交流協会,0,3
特定非営利活動法人地域人才会議,0,1000010000
特定非営利活動法人富士山測候所を活用する会,0,400000011000000
特定非営利活動法人日本社会福祉保障協会,0,6
特定非営利活動法人都市防災研究会,0,2300002300002854387
特定非営利活動法人関西情報化維新協議会,6757934,10334261033426
特定非営利活動法人Ｍｏｔｈｅｒ　Ｇｒａｃｅ　Ｏｆ　Ｌｉｒａ,0,488658488658
特定非営利活動法人ＰＣＮＥＴ,0,2517645340402824
特定非営利活動法人ＮＰＯポピンズ,2,28
特定非営利活動法人統合医療普及協会,0,500000
特定非営利活動法人日本生涯教育事業団,0,0
特定非営利活動法人日本医療福祉介護支援協会,0,1175000011750000
特定非営利活動法人保健予防科学普及振興会,200028,200028
特定非営利活動法人ビジネス・サポート,0,300000010520001948000
特定非営利活動法人ジャパンファイナンシャルライフプランナーズネットワーク,19,1931
特定非営利活動法人アジア文化交流協会,0,172006111160611695000
特定非営利活動法人アジア太平洋地域文化促進会,134638,134638
特定非営利活動法人ゆらぎ乃環境事業機構,0,6
特定非営利活動法人LPガスIT推進協議会,0,5678872
特定非営利活動法人ひまわりセラピーハウス,0,7
特定非営利活動法人ピー・オー・イー・ネットワーク,2200000,22000002200000
特定非営利活動法人日本ハンディキャップテニス連盟,0,2974500188500
特定非営利活動法人日本パテントリサーチアソシエイツ,0,327
特定非営利活動法人日本舞台技術安全協会,7494384,19620001962000
特定非営利活動法人森びとプロジェクト委員会,0,40600009960003064000
特定非営利活動法人行政再生,90000,90000
特定非営利活動法人ＮＰＯ子どもの命と心のネット長谷健顕彰会,0,250600
特定非営利活動法人ＰＡＩおきなわ,216212258,549900213895868
特定非営利活動法人障害福祉地域生活支援センター　キープ,136290556,25531034124569812
特定非営利活動法人都市近郊の緑を守り育てる人達,0,204000204000260000
特定非営利活動法人芝生スピリット,25798918,25798918
特定非営利活動法人消費者機構日本,14182274,850000010945000
特定非営利活動法人日本ケア・カウンセリング協会,21579917,46429004642900
特定非営利活動法人日本アジア太平洋交流協会,0,8400084000
特定非営利活動法人カエルの会,8320385,32100003210000
特定非営利活動法人ものづくりＮＰＯ,529000,504000504000
特定非営利活動法人みんなのおうち,3254032,3254032
特定非営利活動法人はこだてフォトアーカイブス,5052000,5052000
特定非営利活動法人エイジレス　ボランティア,0,47
特定非営利活動法人キャリア　パスポート,0,2050003225000
特定非営利活動法人ジャパンヘスティア協会,2875200,12875200
特定非営利活動法人ソウルフル・エクスチェンジ協会,0,9
特定非営利活動法人伊豆ふるさと財団,1340000,10400001040000
特定非営利活動法人全国福祉協議会,0,10
特定非営利活動法人再就職支援ネット　希望の翼,0,200000200000
特定非営利活動法人先端政策研究機構,400000,400000
特定非営利活動法人名館会,0,113028989984893868005450000
特定非営利活動法人日中環境エネルギーシステム促進機構,2,10020331
特定非営利活動法人日本プロフェッショナル・キャリア・カウンセラー協会,6050268,41774504177450
特定非営利活動法人消費者支援センター,8,300000300000
特定非営利活動法人生活改善サポートセンター,3122651,3122651
特定非営利活動法人ＮＣＯＳ,135000,5700057000
特定非営利活動法人脳脊髄液減少症患者・家族支援協会,6288520,23948002394800
特定非営利活動法人東京エイリアンアイズ,7,222222222222
特定非営利活動法人日比友好協会,0,36000011
特定非営利活動法人日本学生スポーツ・音楽振興協議会,0,2106074874105
特定非営利活動法人日本内装士協会,-53967,81
特定非営利活動法人広域協会,201424986,214101569
特定非営利活動法人住宅建築協会,0,4
特定非営利活動法人リベリア・国際投資機構,482506,482506
特定非営利活動法人エンジョイ,0,15636455636
特定非営利活動法人カメネットワークジャパン,0,6177791590000
特定非営利活動法人ケイプラン,71,471
特定非営利活動法人ジャパン・ウェルネス,2,1204500014611400
特定非営利活動法人マンションオーナーズコミュニティー,19965683,19965683
特定非営利活動法人ライフモニュメント福祉事業団,0,5600056000
特定非営利活動法人国際ヨガ協会,0,14370031435330001
特定非営利活動法人国際保健協会,0,123022252123022
特定非営利活動法人国際平和基金,0,13770321377032
特定非営利活動法人小児慢性疾患療育会,6509022,21985922198592
特定非営利活動法人日本環境土木工業会,0,1200008382000
特定非営利活動法人日本航空スポーツ振興協会,0,2007
特定非営利活動法人民俗文化交流・継承の会,0,28000178000
特定非営利活動法人環境福祉協会,0,6
特定非営利活動法人空間のユニバーサルデザイン総合研究所,0,1050003
特定非営利活動法人自立生活センター太陽,816425,3886402
特定非営利活動法人緑の列島ネットワーク,3627300,721303529480
特定非営利活動法人相続なんでも相談室,0,5
特定非営利活動法人日本舞踊芸術文化協会,9907482,52041005204100
特定非営利活動法人日本福祉会　よろこびのこえ,0,442000012017450
特定非営利活動法人日本アーバンサイン協会,0,4
特定非営利活動法人健やか日本−２１,265000,953120
特定非営利活動法人チャイルド基金,36691,36691
特定非営利活動法人あつみの里,100010,100010
特定非営利活動法人ユニバーサルデザイン生活者ネットワーク,27000,261503
特定非営利活動法人震災から命を守る会,0,4
特定非営利活動法人社会技術研究所,0,4
特定非営利活動法人浅間山麓国際自然学校,15294518,90645409064540
特定非営利活動法人日本ヴァイオリン博物館,0,4
特定非営利活動法人日本ソフトインフラ研究センター,0,60462625
特定非営利活動法人日本オリンピアンズ協会,1180000,1180000
特定非営利活動法人ローハスクラブ,0,16832648
特定非営利活動法人ユニ,3507755,16857551685755
特定非営利活動法人アイタック,16892000,16892000
特定非営利活動法人ゆめサポート,11,1731
特定非営利活動法人エイチ・エー・ビー研究機構,0,176434854861029
特定非営利活動法人グローバルそろばんインスティチュート,2739546,681708681708
特定非営利活動法人ツルハ医療・介護サービス協会,3185238,25000002500000
特定非営利活動法人レイズジャパン,0,2598070
特定非営利活動法人匠　リサーチ　アンド　イノベーション,0,525000525000
特定非営利活動法人北海道坂本龍馬記念館実行委員会,9381889,9381889
特定非営利活動法人数理の翼,782000,6024777
特定非営利活動法人日中交流倶楽部,0,18585501537172
特定非営利活動法人日本エコバイオ推進機構,40000,4000040000
特定非営利活動法人日本オープンソース推進機構,4713000,27180002718000
特定非営利活動法人草野球協会,0,7
特定非営利活動法人０００　ＰＡＦ　Ｇｌｏｂａｌ　Ｕｎｉｖｅｒ−Ｃｉｔｙ,2,72180448880
特定非営利活動法人ＮＰＯ安心の絆ファミリーナースセンター,0,13500001350000
特定非営利活動法人自立生活センター・津,0,35075295
特定非営利活動法人犬文化創造ネットワーク,344913,170000170000
特定非営利活動法人最先端医療情報センター,3,3
特定非営利活動法人日本カイロプラクター認定機構,1,52580525
特定非営利活動法人政策評価機構,0,15000
特定非営利活動法人人と自然環境を考える会　フロンティア,0,47
特定非営利活動法人アジア・アフリカ市民の会,6000000,60000006000000
特定非営利活動法人カクテル・コミュニケーション・ソサエティー,7972840,7972840
特定非営利活動法人ヒューマン・サポート・アソシエーション,3258000,28000002800000
特定非営利活動法人中小企業ＩＴ推進センター,0,261428
特定非営利活動法人全国青少年健全育成協会ゆうわ会,1526000,1526000
特定非営利活動法人在日中国人医師協会,0,1230000870001143000
特定非営利活動法人国際障害者ダイビング指導協会,0,31
特定非営利活動法人安住社会研究所,0,110000111538
特定非営利活動法人日本ガーディアン・エンジェルス,62677012,1305000017626000
特定非営利活動法人日本介護旅行協会,0,5
特定非営利活動法人環境資源開発研究所,660000,1200000
特定非営利活動法人環境保全機構,753480,753480
特定非営利活動法人次世代エネルギー研究所,75000,2500075000
特定非営利活動法人日本ファイナンシャルプライバシー認証機構,0,12
特定非営利活動法人新東洋医学師協会,18415995,1473099518415995
特定非営利活動法人フリースタイル,38502994,3830299438302994
特定非営利活動法人“環境と人”素肌美を考える会,0,0
特定非営利活動法人ぴあねっと浜松,122783470,122714248
特定非営利活動法人グリーンハート　ユニバーサル,0,1616757
特定非営利活動法人シルバーネットワーク,0,4
特定非営利活動法人デジタルコンテンツ制作者育成協会,0,111
特定非営利活動法人介護ＳＯＳ,0,306
特定非営利活動法人全国室内気候研究会,0,26192878695
特定非営利活動法人四国　Ｃ　ＩＮ　Ｃ,0,199999
特定非営利活動法人外断熱推進会議,0,15254988
特定非営利活動法人安全畜産物認証機構,0,9
特定非営利活動法人日本ふるさと村,0,11111
特定非営利活動法人日本デッサンセンター,0,323999
特定非営利活動法人日本マナー・プロトコール協会,0,2703853627038530
特定非営利活動法人日本障害者競技支援協会,3159948,1000001980000
特定非営利活動法人ＫＹＧ協会,28570417,1492400014924000
特定非営利活動法人青少年自立援助センター,0,2222196917222222222222
特定非営利活動法人日本艶歌歌謡協会,9208000,9208000
特定非営利活動法人日本放牧養豚研究会,30262,468654
特定非営利活動法人日本プロフェッショナルダンス競技連盟,156565676,152263197152263197
特定非営利活動法人ライフマネジメントセンター,0,9
特定非営利活動法人フューチャー５００,7,17522302555630
特定非営利活動法人チーズプロフェッショナル協会,25315227,22600003305000
特定非営利活動法人エルダー生涯現役実行計画,432000,432000432000
特定非営利活動法人マネー・マネジメント・アソシエーション,0,80000
特定非営利活動法人ユニバース,0,17451172174511721
特定非営利活動法人ロータリー日本財団,0,1627511419742
特定非営利活動法人中小企業支援センター,0,4
特定非営利活動法人全国不動産有効活用環境協会,4031642,22902290
特定非営利活動法人地域活動協働協会,0,7127290
特定非営利活動法人日本武道総合格闘技連盟,124121319,116430116507464
特定非営利活動法人東アジア市民対話・学術交流ネットワーク,2846225,21000002846000
特定非営利活動法人気象キャスターネットワーク,31587382,121001222683042
特定非営利活動法人ＮＰＯ国際人育成機構,33000,3300033000
特定非営利活動法人ＨＳＥリスク・シーキューブ,5,5136451364
特定非営利活動法人Ｆｉｎｅ,0,31
特定非営利活動法人野外体験活動推進連盟,0,3
特定非営利活動法人日中経済文化交流協会,0,2
特定非営利活動法人スマイル２１市民の会,0,66600
特定非営利活動法人エイジング・サポート,0,10
特定非営利活動法人らいと,70521225,75189831
特定非営利活動法人アジア金型産業フォーラム,0,989000
特定非営利活動法人公園レクリエーション協会,0,129000129000
特定非営利活動法人地域情報化推進機構,1375500,630001375500
特定非営利活動法人国際整体療術協会,1,12000002363996
特定非営利活動法人国際自然大学校,161564893,73967114153544683
特定非営利活動法人地域再生研究センター,0,3000518000
特定非営利活動法人日本広域総合調査協会,0,153
特定非営利活動法人社会環境向上ライダース協会,0,31
特定非営利活動法人首都圏無料相談センター,18043000,1804300018043000
特定非営利活動法人農山漁村自立再生共同体,0,3600036000
特定非営利活動法人産業クラスター研究会,4,6694074
特定非営利活動法人日本臨床心理カウンセリング協会,16504465,71080008718000
特定非営利活動法人日本美齢セラピスト協会,0,9
特定非営利活動法人日本ツキノワグマ研究所,0,5300005214208580
特定非営利活動法人日本セルフケア支援薬剤師センター,8705316,48208004820800
特定非営利活動法人日本エコツーリズム協会,42032778,82040008204000
特定非営利活動法人敬愛会,8195563,8882338194733
特定非営利活動法人グベリナ記念ヴェルボトナル普及協会,0,5000165500
特定非営利活動法人健康麻将全国会,0,22414365
特定非営利活動法人全国障害者福祉援護協会,0,2825129177
特定非営利活動法人日本企業再生支援機構,0,415481513154815
特定非営利活動法人最終処分場技術システム研究協会,0,1246000019828001
特定非営利活動法人朝光クラブ,2550599,485169485349
特定非営利活動法人田園生活,0,4
特定非営利活動法人重度障害者介護保障協会,0,80290960
特定非営利活動法人日本ハウジングジャーナリスト協会,0,6000120000
特定非営利活動法人新エネ研究会東日本,0,135600
特定非営利活動法人レイ,0,1200000720000480000
特定非営利活動法人らいとわーく,7,5000
特定非営利活動法人みんなの森づくり協会,59000,4500045000
特定非営利活動法人エネルギー・環境・文化国際協力協会,0,1461070
特定非営利活動法人ギブ・キッズ・ザ・ドリーム,8,89433258943325
特定非営利活動法人グリーンヘルプジャパン,40342948,40342948
特定非営利活動法人マザーズシップ,5,55
特定非営利活動法人全国福祉会,78336615,7501898775018987
特定非営利活動法人国際ファシリテーション協会,0,297200
特定非営利活動法人幼児教室メルヘン,0,1456220
特定非営利活動法人東京オペラ協会,1,32241100
特定非営利活動法人省エネ・循環型街づくり推進協議会,0,472500
特定非営利活動法人連結事業所採番協議会,100168,100000100000
特定非営利活動法人ＧＩＳ総合研究所,0,12000001208650
特定非営利活動法人福祉振興会,4238059,28637503817780
特定非営利活動法人民権塾,0,792000
特定非営利活動法人日本切花装飾普及協会,0,41977008
特定非営利活動法人日本ペタンク・ブール連合,3605944,6000002214255
特定非営利活動法人日本プライバシーコンサルタント協会,0,28505347
特定非営利活動法人ライパーズ協会,0,4324500
特定非営利活動法人アートワールド協会,198409,409409
特定非営利活動法人アジア都市環境学会,0,1650000012600000
特定非営利活動法人たまごママネット,1,11
特定非営利活動法人上手に医療,0,3
特定非営利活動法人全日本車椅子ダンス協会,0,5
特定非営利活動法人共生のすまい全国ネット,0,150000742000
特定非営利活動法人日本ウェルネスマネージメント協会,93000,2000058000
特定非営利活動法人日本セラピスト協会,0,200631
特定非営利活動法人日本有機水産物認証協会,0,7200016720001
特定非営利活動法人日本脳外傷友の会,1,965949965949
特定非営利活動法人海洋環境文化協議会,200000,200000200000
特定非営利活動法人近畿開発推進協議会,570000,470000470000
特定非営利活動法人２１世紀のお米と水を考える会,0,31
特定非営利活動法人ＦＫ・ＩＮ,0,11010110000
特定非営利活動法人高齢社会をよくする女性の会,0,14700000161345651434565
特定非営利活動法人芸術企画者会議,0,9
特定非営利活動法人現代病を考える会,0,8082100
特定非営利活動法人日本スノードーム協会,26912275,541229126876347
特定非営利活動法人キャリア教育サポート,0,240001069000
特定非営利活動法人エコシティ,0,97073259033325
特定非営利活動法人ふるさとネッツ,1,125792
特定非営利活動法人サボ,0,320000
特定非営利活動法人公仁会,1144000,1208000
特定非営利活動法人国際健保協会,1200000,3275000
特定非営利活動法人学生文化創造,0,1000000010000000
特定非営利活動法人医療・福祉ネットワークせいわ,10419285,2163010418630
特定非営利活動法人頭脳スポーツ財団,0,2145821021458210
特定非営利活動法人海洋研修センター,411000,411000411000
特定非営利活動法人日本ホスピタリティ推進協会,9,51876609277345
特定非営利活動法人マイエリア,0,1110800000
特定非営利活動法人地球船クラブ,0,1100000058800010412000
特定非営利活動法人元気倶楽部,0,8
特定非営利活動法人日中協力機構,0,2417240
特定非営利活動法人環境・エネルギー・農林業ネットワーク,3635000,36350003635000
特定非営利活動法人ＩＰＡ,0,7
特定非営利活動法人日本動物共生協会,0,360000
特定非営利活動法人伊勢志摩さいこう会,0,2233040
特定非営利活動法人ライフデザイン研究所,54,55000110000
特定非営利活動法人サステナビリティ日本フォーラム,0,21500002150000
特定非営利活動法人あそび環境Museumアフタフ・バーバン,0,48053140
特定非営利活動法人インターナショナル　セキュリティー　センター,0,1931
特定非営利活動法人ホール　ケア　アロエ,7,26591392
特定非営利活動法人中央理美容協会,1345540,1345540
特定非営利活動法人個人情報保護監査・苦情対応センター,1158896,6142501055250
特定非営利活動法人全国美容理容サロン支援協議会,0,22
特定非営利活動法人国際福祉支援協会,5468822,54688225468822
特定非営利活動法人光輝,0,4511930289513481
特定非営利活動法人全国介護者支援協会,12394446,55274567
特定非営利活動法人富士福祉協会,0,210000420000
特定非営利活動法人日本ペタンクリーグ,0,200631
特定非営利活動法人高齢者・障害者安心サポートネット,5109250,513494553
特定非営利活動法人食品表示検査機構,1,445
特定非営利活動法人芸術文化地域活性化ネットワーク　ＡＣＴ,110000,110000110000
特定非営利活動法人熊野生流倶楽部,1491306,116000150000
特定非営利活動法人日本結婚協会,0,81
特定非営利活動法人日本災害援助,1956000,2426718
特定非営利活動法人日本体力測定普及協会,110000,110000
特定非営利活動法人日本コーポレート・リスク・マネージャー協会,0,1080
特定非営利活動法人スリランカ復興開発支援フォーラム,0,360000
特定非営利活動法人コミュニティー・デザイン・センター,9,100000
特定非営利活動法人ゲノムベイ東京協議会,3690000,3690000
特定非営利活動法人ふれあい社会福祉ネットワーク,0,10
特定非営利活動法人エヌピーオー・ワークグループ,2007,15990921599092
特定非営利活動法人健康医科学トレーナーズ協会,2275018,2275018
特定非営利活動法人国際共生推進協会,661343,561343561343
特定非営利活動法人有機農業支援会,2,500000
特定非営利活動法人環境技術国際協力センター,0,4500001180000
特定非営利活動法人運転免許取得支援センター,0,9
特定非営利活動法人ＬＩＣ生活相談センター,5803200,31428003215200
特定非営利活動法人自立生活応援センターわかやま,0,41697450
特定非営利活動法人森林倶楽部,0,0
特定非営利活動法人日本家族問題相談センター,48000,48000
特定非営利活動法人デジタルコミュニティズ推進協議会,29159114,29159114
特定非営利活動法人アーユルシード生活環境研究所,520000,5000050000
特定非営利活動法人あいわ,0,70471
特定非営利活動法人つむぎつくば,0,2222221
特定非営利活動法人クリーンエネルギー・フォーラム,4,1650005470630
特定非営利活動法人ジョンズホプキンス大学コミュニケーション・プログラムズ・センター支援フォーラム,120190,80000120000
特定非営利活動法人チャレンジネット,2,2000020000
特定非営利活動法人ロシナンテス,26309102,338992317127035
特定非営利活動法人健康寿命増進機構,3665510,34600003460000
特定非営利活動法人全国マンション管理相談センター,0,31
特定非営利活動法人犬の総合教育社会化推進機構,80000,750000051750002325000
特定非営利活動法人環境電脳網,0,221000
特定非営利活動法人表現リテラシー開発研究所,0,162536023379916017545558
特定非営利活動法人建設副産物リサイクル促進機構,1050654,100001050000
特定非営利活動法人富士山自然体験活動推進協議会,365020,108000118000
特定非営利活動法人シルバー支援サービス,0,41
特定非営利活動法人ウインターレジャーリーグ,1671348,1671348
特定非営利活動法人アミティー,0,60000
特定非営利活動法人ひまわり・ネットワーク,4854850,11
特定非営利活動法人アパート研究会,3458351,22583513458351
特定非営利活動法人インタッチサービス,71,101
特定非営利活動法人ヘルスケア21,13489299,29019013374299
特定非営利活動法人光ファイバー普及推進協会,1546870,1546870
特定非営利活動法人全日本障害者社会参加援護会,0,14867591550184
特定非営利活動法人医療と法律研究協会,1,35290004057000
特定非営利活動法人日本ドルフィンセラピー協会,7863880,27039802703980
特定非営利活動法人日本再生プログラム推進フォーラム,6307,63076307
特定非営利活動法人民間危機管理再生機構,205000,200000200000
特定非営利活動法人社叢学会,111,7100001753000
特定非営利活動法人ＢＥＴＴＥＲ　ＬＩＦＥ,0,237135
特定非営利活動法人ＡＳＳＩＳＴ・ＣＯ２削減活動を推進する会,0,156000156000
特定非営利活動法人日本環境改善協力協会,0,500000500000
特定非営利活動法人日本不動産カウンセラー協会,32333328,2390100025191000
特定非営利活動法人インディペンデンス・ドッグス・ジャパン,0,1118591
特定非営利活動法人BIOREGION,500065,500065
特定非営利活動法人グリーンウッド自然体験教育センター,0,7747136738
特定非営利活動法人メディカルインフォ,0,0
特定非営利活動法人健保組合経営実務研究センター,0,3
特定非営利活動法人国際文化スポーツ交流協会,0,4
特定非営利活動法人日本ナレッジ総合研究所,0,12
特定非営利活動法人日本回想療法学会,646000,1060649
特定非営利活動法人日本経済学教育協会,0,8170658
特定非営利活動法人横断型基幹科学技術研究団体連合,30792306,2411490024114900
特定非営利活動法人ＮＰＯ全国就職支援協議会,12163694,12163694
特定非営利活動法人総合政策研究会,0,31
特定非営利活動法人東海昆虫保存会,0,200731
特定非営利活動法人日韓・アジア教育文化センター,0,797
特定非営利活動法人日本メンタルサポート協会,0,18000
特定非営利活動法人文化交流機構「円座」,160226,160000160000
特定非営利活動法人介護福祉住宅支援ＮＰＯセンター,0,20000
特定非営利活動法人一番町文化倶楽部,552012,552012
特定非営利活動法人ピーアイエイジャパン,0,5982340
特定非営利活動法人ケイエスジーサポート協会,0,19
特定非営利活動法人エヌピーオー　安全社会　風,0,7342
特定非営利活動法人エコビリティ,0,200731
特定非営利活動法人まーくん基金,49983,4898048980
特定非営利活動法人しまね自立支援センター,0,43577847
特定非営利活動法人フローレンス,21055236,586089920710825
特定非営利活動法人マイビジョン,1255917,125591712559171255917
特定非営利活動法人ライフネットジャパン,0,8
特定非営利活動法人光の国アフリカ振興協会,0,107
特定非営利活動法人地域生活オウエン団せんだい,20000,23200000293146516114651
特定非営利活動法人地球映像ネットワーク,1,24765802
特定非営利活動法人地域間高速ネットワーク機構,116878546,116878546
特定非営利活動法人施術ボランティア救療隊,0,180000
特定非営利活動法人日中ランドスケープフォーラム,90400,4500090000
特定非営利活動法人日本アイエスオー・コンセンサス機構,0,25000003400000
特定非営利活動法人日本技術イノベーション振興協会,0,4
特定非営利活動法人都市災害に備える技術者の会,1,11886001209400
特定非営利活動法人自由人権会議,0,1000001100000
特定非営利活動法人日本箏曲楽会,0,17173400
特定非営利活動法人スゥイングライブ,2583055,2583055
特定非営利活動法人i色申告会,0,11
特定非営利活動法人トイボックス,48897491,1719991017199910
特定非営利活動法人フリーマーケット主催団体協議会,14734100,18345100
特定非営利活動法人ヘルプの喜び運動協会,0,7200631000003100000
特定非営利活動法人子どもの未来を守る会,8420,8420
特定非営利活動法人国際福祉環境推進機構,0,24000016320076800
特定非営利活動法人太陽光発電所ネットワーク,0,45257113
特定非営利活動法人子供を地雷から守る会,550000,500000500000
特定非営利活動法人日本フィットネスコミュニティ協会,428780,428780
特定非営利活動法人日本動物看護学院,1,1060000
特定非営利活動法人日本高等学園,8,10269420
特定非営利活動法人歯科医療情報推進機構,0,1500000073854407614560
特定非営利活動法人自然環境保全センター,550000,600000
特定非営利活動法人ＮＰＯリブグリーン,0,13040006
特定非営利活動法人ＲＵＭアライアンス,0,2891200289
特定非営利活動法人ＴＯＳＳネバーギブアップ,41966838,484503210823
特定非営利活動法人ＪＡＣＴ,9150883,20000003639400
特定非営利活動法人ＥＧ（イージー）倶楽部,0,971115220200
特定非営利活動法人糖尿病改善センター,0,120000240000
特定非営利活動法人日本アーツセンター,0,1450056145005
特定非営利活動法人シニアネットコミュニケーションズ,4994044,4994044
特定非営利活動法人らくだの夢グループ,0,1911225
特定非営利活動法人乾炉,0,8
特定非営利活動法人人材開国振興協会,0,1140000
特定非営利活動法人健康福祉研究会,2945000,28800002880000
特定非営利活動法人子育て環境支援総合研究所,1,21000003400000
特定非営利活動法人応用生態工学研究会,222162,8130208130
特定非営利活動法人教育文化芸術振興協会,0,1100000451000549000
特定非営利活動法人日本ハーブヘルスケア協会,1368000,12600001368000
特定非営利活動法人日本フットボールサポーター連盟,0,1
特定非営利活動法人日本住環境保全協会,0,4
特定非営利活動法人災害福祉広域支援ネットワーク・サンダーバード,0,5407554075
特定非営利活動法人花の情景研究所,1,3165532791616
特定非営利活動法人ＩＴセキュリティ認証機構,0,110000198000
特定非営利活動法人野性塾,0,1180199
特定非営利活動法人自立支援センター,0,12600005300000
特定非営利活動法人総合生活環境支援センター,338000,20000338000
特定非営利活動法人日本研修政策科学研究機構,0,3
特定非営利活動法人日本公共標識協会,0,4
特定非営利活動法人日本アメニティ研究所,0,110000110000
特定非営利活動法人ワーカーズコープエコテック,0,32000003385416
特定非営利活動法人マリン・インパクト２１　新しい海の生産と人を育てるフォーラム,1229000,1229000
特定非営利活動法人AmistadPeruLatinoAmericana　（ペルーラテンアメリカ文化教育推進友好協会）,0,12603891260389
特定非営利活動法人ドットジェイピー,0,52876136
特定非営利活動法人リトミック研究センター,0,198450304400307
特定非営利活動法人ロードピア　ジャパン,320000,320000
特定非営利活動法人医療・福祉サポートセンター,0,9
特定非営利活動法人医療福祉情報実務能力協会,0,13791183
特定非営利活動法人北上川流域連携交流会,0,68772006877200
特定非営利活動法人北東アジア輸送回廊ネットワーク,0,45005007
特定非営利活動法人日本ハウスドクター協議会,113000,96000106000
特定非営利活動法人発起塾,44990985,2024512537515424
特定非営利活動法人見真塾もち米の会,883139,551966551966
特定非営利活動法人ＮＰＯ公共サービス機構,429,429
特定非営利活動法人高齢者医療福祉協会,0,216000216000
特定非営利活動法人油壷湾特別泊地協会,534037,460000460000
特定非営利活動法人日本ウェルネス・トレーナー学院,0,3000050
特定非営利活動法人日本むし歯予防フッ素推進会議,0,1401135102
特定非営利活動法人アジアＩＴビジネス研究会,0,310000
特定非営利活動法人International　SailandPowerAssociationJapan,0,3317090
特定非営利活動法人かっさい,530000,530000
特定非営利活動法人こどもとマルチメディア研究会,0,15180109
特定非営利活動法人エコロジー・カフェ,18288776,18288776
特定非営利活動法人ハンディキャップサポーター,0,8000060000
特定非営利活動法人ブロードバンド・アソシエーション,7242000,53450005345000
特定非営利活動法人リョービ社会貢献基金,3856069,25621642562164
特定非営利活動法人日本高齢者介護協会,0,14732570
特定非営利活動法人環境経済研究所,0,12
特定非営利活動法人生活福祉ファクトリー,0,550000140000350000
特定非営利活動法人ＲＡＳ,0,54000005400000
特定非営利活動法人東京社会福祉振興会,3,4823069548230695
特定非営利活動法人日本環境建築技術振興協会,1818647,1818647
特定非営利活動法人日本パラオ国際交友協会,1,800001
特定非営利活動法人日中健康科学会,9947282,20000009372250
特定非営利活動法人川に学ぶ体験活動協議会,0,17653000137155343937466
特定非営利活動法人マイヨジョーヌ,0,119100000
特定非営利活動法人ニッポンセールトレーニング葉山,6883150,6883150
特定非営利活動法人キャリア・エンパワメント,0,20000103000
特定非営利活動法人イーエイチエル,470000,470000
特定非営利活動法人エスビューロー,9336545,32100000
特定非営利活動法人ジャパンハートネットワーク,0,31
特定非営利活動法人交流ネット,0,549168654946865494686
特定非営利活動法人大成グローバルグッド,0,10000001000000
特定非営利活動法人日本エコクラブ,660656,192000192000
特定非営利活動法人日本マレットゴルフ協会,0,5
特定非営利活動法人観光立国,0,770000
特定非営利活動法人開発教育協会,0,309940002846415025298501
特定非営利活動法人音楽事務所ＯＰＥＲＡ,0,4800068000
特定非営利活動法人食育推進協会,0,343617
特定非営利活動法人札幌アシストセンターマザー,0,223300223
特定非営利活動法人日本リユース協会,0,97
特定非営利活動法人みんなの食育,29597839,29597839
特定非営利活動法人NPO支援全国地域活性化協議会,2172000,20000002000000
特定非営利活動法人100万人のふるさと回帰・循環運動推進・支援センター,87810364,0
特定非営利活動法人ふるさと日本プロジェクト,0,9065716
特定非営利活動法人まほろば教育事業団,0,34141153414115
特定非営利活動法人ウィメンズ・ライツ・センター,16248986,16563924
特定非営利活動法人トヨトミ,447636,447636447636
特定非営利活動法人ミャンマー日本友好協会ミッターファンデイション,53000,5940900
特定非営利活動法人ライフコミュニティセンター,1,785200785200
特定非営利活動法人住宅・建築・都市政策支援集団,12064935,714350011143500
特定非営利活動法人富士山エコネット,0,100000001000
特定非営利活動法人彩の国GIS研究所,0,240000960000
特定非営利活動法人放射線教育フォーラム,0,34850004424500
特定非営利活動法人日本環境教育協会,807485,282000571200
特定非営利活動法人秋田岩手横軸連携交流会,584780,300000300000
特定非営利活動法人統合医療と健康を考える会,43627,43627
特定非営利活動法人日本ＧＡＰ協会,1,23040002933000
特定非営利活動法人新風・たすけあひ機構,0,50000
特定非営利活動法人デジタル製造研究所・ＪＡＰＡＮ　ＦＡＢ　ＦＯＵＮＤＡＴＩＯＮ,1000151,10000001000000
特定非営利活動法人サンライズ福祉機構,1100411,796000796000
特定非営利活動法人こどもプロジェクト,7,4086611
特定非営利活動法人アジア太平洋地域アディクション研究所,11,4302095843020958
特定非営利活動法人グループホーム事業支援センター,91000,5000091000
特定非営利活動法人北海道オーガニック推進協会,0,1960025641
特定非営利活動法人国際循環型社会システム総合研究所,1165018,2000020000
特定非営利活動法人地域創造ネットワーク・ジャパン,4270000,11379109
特定非営利活動法人ＮＰＯサービス評価機構,0,4
特定非営利活動法人ＫＭＫＩ・ＪＡＰＡＮ,6436300,6436300
特定非営利活動法人風土工学デザイン研究所,0,246650726
特定非営利活動法人砦家族,0,8
特定非営利活動法人環境市民大学校,497310,497310
特定非営利活動法人次世代育成フォーラム・リスタ,10244327,240000240000
特定非営利活動法人日本脳トレーニング協会,0,300093000
特定非営利活動法人愛心国際社会交流協会,0,2693700026937000
特定非営利活動法人ネイチャー,0,5
特定非営利活動法人アジア知的財産交流機構,0,707
特定非営利活動法人オーシャンファミリー海洋自然体験センター,0,9680016785445
特定非営利活動法人ニッポンネットワーク,500000,1500000
特定非営利活動法人化学生物総合管理学会,0,10000044000001313000
特定非営利活動法人和の食文化　伝承館,0,5
特定非営利活動法人宝さがしから地域デザインを考える会,0,128514
特定非営利活動法人日本ライフプランニング協会,0,9000010002010020
特定非営利活動法人総合武道月心会,7092800,7092800
特定非営利活動法人環境防災総合政策研究機構,143376849,6849524141973086
特定非営利活動法人日本生前契約等決済機構,76705236,5207724752077247
特定非営利活動法人フラッグフットボール・マネジメント・ジャパン,0,628206
特定非営利活動法人クリエイティブ・スローライフ,0,449615449615
特定非営利活動法人いたごち,0,0
特定非営利活動法人エンターテインメント・ロイヤーズ・ネットワーク,4559683,45570004557000
特定非営利活動法人ジャパン・エステティック・フォーラム,0,200731
特定非営利活動法人二十一世紀教育研究所,0,511406047000004140601088191
特定非営利活動法人全国健康増進研究会,1,50000005000000
特定非営利活動法人全日本健康倶楽部,0,1000000
特定非営利活動法人国民生活向上委員会,569000,1569000
特定非営利活動法人地域医療・福祉サービス振興会,0,30000012137500
特定非営利活動法人文化施設支援機構,0,270000300000
特定非営利活動法人新世紀オルタナティブ・メディカ,0,12500
特定非営利活動法人日本ジャパンフード協会,0,3214174038411890
特定非営利活動法人ＡＬＳ／ＭＮＤサポートセンター　さくら会,0,1989312
特定非営利活動法人雷保護システム普及協会,0,4
特定非営利活動法人環境保全経済推進機構,50005,5000050000
特定非営利活動法人明楽前進の会,1603884,8500001420000
特定非営利活動法人日本国際交流振興会,0,165910748
特定非営利活動法人日本リズム護身術協会,0,4
特定非営利活動法人日本スパ評議会,0,7
特定非営利活動法人住環境改善会議,524359,236359524359
特定非営利活動法人グループホーム研究所,1892950,996500996500
特定非営利活動法人オーシャンゲートジャパン,0,31200431
特定非営利活動法人まちづくりネットワーク協議会,1029777,9997001029700
特定非営利活動法人どうぶつ村,3457600,3457600
特定非営利活動法人つくしくらぶ,0,114000294000
特定非営利活動法人スピリチュアルアロマセラピー協会,0,147912147912
特定非営利活動法人フラワーセラピー研究会,0,9158566
特定非営利活動法人健康開発科学研究会,0,60000870000
特定非営利活動法人全国調査業協会連合会,0,33670003417000
特定非営利活動法人匠,2,40000
特定非営利活動法人日本カイロプラクティック医科ユニバーシティ,0,17
特定非営利活動法人日本防災士機構,59862194,5587420055874200
特定非営利活動法人杜と空間創造舎,0,10000666000
特定非営利活動法人環境倫理学及び環境工学研究所,1,136000436000
特定非営利活動法人環境技術交流会,511462,511462
特定非営利活動法人福祉用具適合技術協会,0,1100000120000010000
特定非営利活動法人ＩＳＯ普及促進研究会,1,1111
特定非営利活動法人生前・死後サポート協議会,198000,108000198000
特定非営利活動法人日本ハビタット協会,0,700000082313901231390
特定非営利活動法人シックハウス診断士協会,39504309,660525033455293
特定非営利活動法人ごみじゃぱん,0,5158757
特定非営利活動法人しんぐるまざあずふぉーらむ,0,1
特定非営利活動法人アクアプラネット,0,28322002832200
特定非営利活動法人オー・ジェイ・ピー・シー福祉犬育成協会,0,5959775
特定非営利活動法人ライフエイド,0,14000001400000
特定非営利活動法人全日本生活情報支援ネットワーク,1,673450
特定非営利活動法人医師団が支える在宅ケア推進ネットワーク,1,124000
特定非営利活動法人国際児童芸術協会,0,200000
特定非営利活動法人在宅サポートセンター　ホット,0,61620015749463
特定非営利活動法人情報技術社会活用センター,90000,9000090000
特定非営利活動法人日本ウズベキスタン協会,0,3522474183205
特定非営利活動法人日本スピリチュアルケアワーカー協会,152076,195000195000
特定非営利活動法人日本マニフェスト協会,370000,370000370000
特定非営利活動法人ＪＡＣＦＡ（ジャクファ）,8261000,3000030000
特定非営利活動法人経営改革支援倶楽部,120000,122000
特定非営利活動法人日本ケアフィットサービス協会,639662422,1228079631029823
特定非営利活動法人市民まちづくり　風の会,0,200000002726000
特定非営利活動法人ププリコ,111,11403111
特定非営利活動法人フィード・ザ・チルドレン日本委員会,4095016,4095016
特定非営利活動法人エフ・エイチ・ピー協会,200000,200000
特定非営利活動法人ガイアホリスティック,1,465500672050
特定非営利活動法人キャリアカウンセラー協会,0,9000009000000
特定非営利活動法人グランドデザイン支援センター,0,445875
特定非営利活動法人全国砂栽培推進協会,0,100000
特定非営利活動法人女性のためのビジネススクール　メビウス,4098061,36503543650354
特定非営利活動法人医療福祉介護支援協会,128158922,128158900128158900
特定非営利活動法人日本住宅管理組合協議会,0,3
特定非営利活動法人日本公開庭園機構,0,111120000220000
特定非営利活動法人漢方総医研協会,13813196,9144510960175
特定非営利活動法人環境とリサイクル・フォーラム二十一,0,392582092
特定非営利活動法人薬と健康を考える会,0,3060655
特定非営利活動法人食肉の輸入制度・流通を考える会,9863000,35490007932000
特定非営利活動法人移植医療情報センター,0,100000200000
特定非営利活動法人日本合気道協会,10071671,10071671
特定非営利活動法人日本マルベリークラブ,1,1001662100
特定非営利活動法人日本カイロプラクティック機構,12414593,87511958751195
特定非営利活動法人ベターライフ・スタイル,470200,470200
特定非営利活動法人フラワーセラピー普及協会,111,131600009090050
特定非営利活動法人トレフルクラブ,20089112,20089112
特定非営利活動法人チャーミングライフサポート協会,0,630000111
特定非営利活動法人タックワールドレッドクロス,0,120000
特定非営利活動法人テクノシップ,11428762,81020008102000
特定非営利活動法人ライフケア協会,6800000,6800000
特定非営利活動法人世界健康・スポーツ振興協会,0,36000107000
特定非営利活動法人全国寺社仏閣修復基金,0,23568
特定非営利活動法人日本カイロプラクティック教育諮問委員会,11080000,58800006720000
特定非営利活動法人日本スポーツゴルフ協会,0,220000
特定非営利活動法人観光立国日本の創造,0,7
特定非営利活動法人日本拳法協会,0,50000063148874814887
特定非営利活動法人日本マニフェスト住宅協会,8041970,39272703927270
特定非営利活動法人健康と温泉フォーラム,0,800000013139106686090
特定非営利活動法人ホタルの会・２１,3000030000,30000300000
特定非営利活動法人テクノ未来塾,0,400000
特定非営利活動法人あすか行政法務研究所,4,1144500
特定非営利活動法人プロバイオテック,6400000,50000005000000
特定非営利活動法人住宅科学検査機構,4430000,23600002360000
特定非営利活動法人日本インドアペタンク協会,7,7
特定非営利活動法人日本オーガニックネットワーク,0,120000660000
特定非営利活動法人日本レスキュー･サポート･ネットワーク,0,54100005410000
特定非営利活動法人ＮＰＯ推進ネット,14465460,44176613002999
特定非営利活動法人ＰＩ−Ｆｏｒｕｍ,243000,2661687
特定非営利活動法人Ｐ．Ｄ．Ｒ,10100000,10100000
特定非営利活動法人運動療法・寝たきり防止施設開発協会,0,151176751
特定非営利活動法人観照ボランティア協会,0,998199998199998199
特定非営利活動法人社会的責任投資フォーラム,0,15000005
特定非営利活動法人日本健康づくり推進会,65651,6000060000
特定非営利活動法人日本ミャンマー合気会,0,934506934506
特定非営利活動法人日本オーガニック農産物協会,0,81
特定非営利活動法人亜細亜人権協議会,18,30001383000
特定非営利活動法人フレンドシップ協会,931250,931250
特定非営利活動法人シニア健康スポーツ振興会,0,31
特定非営利活動法人コーポレートガバナンス協会,155296171,151493171151493171
特定非営利活動法人エバーラスティング・ネイチャー,0,35437005250657
特定非営利活動法人JAPANIBD,0,50002351175000
特定非営利活動法人いきがい安心の会,475910,3
特定非営利活動法人みずほの会,0,200000
特定非営利活動法人ウェルネスサポート,0,11150000001501200012000
特定非営利活動法人グローバル・ウェルネス・フォーラム,1562500,1562500
特定非営利活動法人人と道研究会,43834111,4383411143834111
特定非営利活動法人北国の果てネットワーク,0,16385001638500
特定非営利活動法人北麓まごころサービス協会,9,18
特定非営利活動法人全国介護タクシー協議会,1,1947920
特定非営利活動法人国際交流事業機構,1,93
特定非営利活動法人広域防災水難救助捜索支援機構,0,2154703328943
特定非営利活動法人社会復帰支援会ピース,0,350301090646
特定非営利活動法人ＢＨＮテレコム支援協議会,67157504,165000039750000
特定非営利活動法人生態工房,0,111021115100111051778001
特定非営利活動法人有機資源循環ネットワーク,41,93
特定非営利活動法人弁理士支援事務職養成スクール　「コスモ塾」,6584095,7626185
特定非営利活動法人体操ではたらこうねっと,0,511210
特定非営利活動法人マネーライフ・サポートスクウェア,21500,2000020000
特定非営利活動法人シオンズ海外芸術機構,0,10000
特定非営利活動法人アムステイション,0,711
特定非営利活動法人みどりの風,0,0
特定非営利活動法人優良賃貸住宅経営者協会,0,9
特定非営利活動法人元気力向上委員会,36000,136200
特定非営利活動法人全国元気まちづくり機構,152008,102000102000
特定非営利活動法人里山文化研究センター,0,18
特定非営利活動法人甦生会,1203323,12033231203323
特定非営利活動法人日本教育再興連盟,0,7
特定非営利活動法人ベンチャーサポート機構,0,0
特定非営利活動法人パートナーズ・イン・サービス,0,284266
特定非営利活動法人かえるくらぶ,650000,650000
特定非営利活動法人メディカルピボット,0,12
特定非営利活動法人医療教育研究所,85814593,8495122584951225
特定非営利活動法人暮しの寺小屋ライフサイエンス,635276,452901452901
特定非営利活動法人睡眠プロデュース協会,0,10
特定非営利活動法人近くの田舎,0,1460767
特定非営利活動法人ｇｒｅｅｎｂｉｒｄ,0,153
特定非営利活動法人資産相続総合相談センター,0,12
特定非営利活動法人日本芸術映像文化支援センター,24585051,11470001147000
特定非営利活動法人日中交流振興協会,0,21250830
特定非営利活動法人まほろばワークス,110000,110000110000
特定非営利活動法人国際レスキューシステム研究機構,468933875,465783875465783875
特定非営利活動法人実務能力認定機構,0,200731
特定非営利活動法人子どもモノづくり教育支援事業団,10373176,72886857288685
特定非営利活動法人東京福祉会,0,0
特定非営利活動法人海ロマン21,4563000,31500003673000
特定非営利活動法人神流川スポーツクラブ,0,12
特定非営利活動法人ＫＩＮＤＮＥＳＳ,0,523439865
特定非営利活動法人Ｗｏｒｌｄ　Ｈｕｍａｎ　Ｂｒｉｄｇｅ,0,5640001034000
特定非営利活動法人環境研修フォーラム,0,10
特定非営利活動法人日本高齢・退職者福祉推進協会,0,850000
特定非営利活動法人ホース・フレンズ事務局,0,6562016
特定非営利活動法人スローライフ・ジャパン,0,0
特定非営利活動法人グローバル　ヒューマン　サポーターズ,9123620,93371239337123
特定非営利活動法人日本耳鼻咽喉科医会,0,16400000149740001426000
特定非営利活動法人次世代教育推進機構,1009873,28732873
特定非営利活動法人海と自然の体験学習協会,0,30000
特定非営利活動法人緑のダム北相模,0,38155983815598
特定非営利活動法人高麗,1,117722329
特定非営利活動法人独立学校,776000,75000776000
特定非営利活動法人橘倶楽部,0,900108900
特定非営利活動法人屋上開発研究会,0,655065015800467
特定非営利活動法人ゼリ・ジャパン,0,1525000
特定非営利活動法人エコロジーネットワーク,0,1120
特定非営利活動法人オズの子供たち,220000,120000120000
特定非営利活動法人オリエンテーリングクラブ・トータス,0,956000
特定非営利活動法人オーガニック沖縄,0,5
特定非営利活動法人全国街道交流会議,24503645,438000020773645
特定非営利活動法人国際エステティックセラピー介護支援ボランティア協会,0,1646000
特定非営利活動法人日中体育環境教育整備協会,0,12832010578706
特定非営利活動法人日本ＰＥ・ＦＥ試験協議会,0,111750011
特定非営利活動法人星の金貨福祉会,0,130000500000
特定非営利活動法人高齢者歯科介護研究会,1,5500055000
特定非営利活動法人ＩＮＮ（アイエヌエヌ）,0,3160000
特定非営利活動法人現代レイキの会,2932385,17446001744600
特定非営利活動法人東海ネット医療フォーラム･ＮＰＯ,0,80000508000050
特定非営利活動法人日本介護施設振興会,0,0
特定非営利活動法人日本ライフ協会,1550092,15500921550092
特定非営利活動法人アジア教育推進支援協会,451100,451100
特定非営利活動法人クーピーファッションアートグループ,0,10427155
特定非営利活動法人プロフェッショナルイングリッシュコミュニケーション協会,8,717
特定非営利活動法人国際空道普及委員会,0,1196593714290595
特定非営利活動法人国際調査業協会,0,7
特定非営利活動法人情報化ユートピア,0,170001
特定非営利活動法人日本デザイン協会,0,6458064580
特定非営利活動法人日本鳥獣環境保全支援センター,0,8
特定非営利活動法人ＥＬＥＦ,0,1359480
特定非営利活動法人日本農林水産学研　北斗の会,0,894210680001848000
特定非営利活動法人日本ボランティアゴルフ協会,0,12
特定非営利活動法人パワードエイジ協会,0,111
特定非営利活動法人ハッピー協会,0,763000763000
特定非営利活動法人ペット・ウェルネス・サポート協会,0,100000200000
特定非営利活動法人国際文化友好協会,0,6889998
特定非営利活動法人国際農業食糧交流機構,0,115
特定非営利活動法人全国熟年協会,0,3
特定非営利活動法人日本ビオトープ協会,7,66900006690000
特定非営利活動法人日本健身気功協会,0,379349379349
特定非営利活動法人ＨＩＶと人権・情報センター,1,70560410
特定非営利活動法人ＳＡＬＡ　ＮＥＴＷＯＲＫ,53246004,53246004
特定非営利活動法人ＮＰＯみらい,0,902
特定非営利活動法人ＮＭＡ,0,1111371250
特定非営利活動法人緑のまちづくり交流協会,0,7693150
特定非営利活動法人日本水中スポーツ連盟,38406103,42960004296000
特定非営利活動法人日本医療政策機構,61446787,3970000039700000
特定非営利活動法人日本乳腺甲状腺超音波診断会議,11245854,11245854
特定非営利活動法人日本モノづくり学会,0,10
特定非営利活動法人日本カウンセリング普及協会,0,26923217
特定非営利活動法人伝統木構造の会,8259656,28860003027000
特定非営利活動法人インフォーマー　ジャパン　ＮＰＯ,0,7
特定非営利活動法人「ひとのわ」ネット,0,87
特定非営利活動法人くろおび,0,0
特定非営利活動法人ナレイオナカイエワル,4940334,4940334
特定非営利活動法人マナ・アテンド・サービス,0,7
特定非営利活動法人夢民工房,110003,110003
特定非営利活動法人新エネルギー開発協会,0,4998626
特定非営利活動法人観測データ公開機構,0,8500085000
特定非営利活動法人養生文化センター,0,50
特定非営利活動法人気候ネットワーク,0,25600000313648615764861
特定非営利活動法人日本環境監視協会,600000,193646751
特定非営利活動法人日本健康運動指導士会,0,764040009388058817476588
特定非営利活動法人日本ベトナム交流センター,0,1327500
特定非営利活動法人住宅文化フォーラム,7,7
特定非営利活動法人ギャラクシー・ブライト,0,14709793
特定非営利活動法人みらい,0,67977740
特定非営利活動法人タウンミーティング,0,991580
特定非営利活動法人ワーカーズコープ,0,4212137489
特定非営利活動法人地球元気塾,0,2302379
特定非営利活動法人有形デザイン機構,149375,149375
特定非営利活動法人東京社会学インスティチュート,10000,10000
特定非営利活動法人ＴＯＹＯ地域振興推進機構,8,17
特定非営利活動法人日本ヘアエピテーゼ協会,0,1600032000
特定非営利活動法人スクールデザインネット,210000,210000
特定非営利活動法人グリーンアライアンス,0,7
特定非営利活動法人TheAsiaFoundation,2007,14792711
特定非営利活動法人あおぞら,0,11
特定非営利活動法人インターナショナルフローラルデザイナーズ協会,2192340,2192340
特定非営利活動法人プロジェクトＯＩＪ,0,12666097
特定非営利活動法人国際交流センター,0,8
特定非営利活動法人国際環境医療機構,0,260000
特定非営利活動法人地球環境共生ネットワーク,0,4462270844622708
特定非営利活動法人大気イオン地震予測研究会e-PISCO,0,691201805385
特定非営利活動法人孫子国際研究センター,518505,402500402500
特定非営利活動法人市民生活助援協会,210000,150000150000
特定非営利活動法人日中経技環協会,1,9000021952000
特定非営利活動法人日本ケアワーカー協会,2956200,16077002347200
特定非営利活動法人日本列島夕陽と朝日の郷づくり協会,0,1360000
特定非営利活動法人骨と関節を守る会,10000,566979
特定非営利活動法人ＮＰＯゆきわりそう,11242554,105264266103264266
特定非営利活動法人著作権利用等に係る教育ＮＰＯ,16868000,1614000016140000
特定非営利活動法人日本ＮＰＯ協会,353446,353446
特定非営利活動法人日本伝統文化資格授与学院,0,180800
特定非営利活動法人日本一指禅功研究会,0,2623265
特定非営利活動法人リフレッシュ学園,0,48121111
特定非営利活動法人セレモニー・ネット,1476700,1476700
特定非営利活動法人アイナック,63921453,63921453
特定非営利活動法人スポーツクラブネットワーク,5221984,5221984
特定非営利活動法人ランドマスターコンサルティング,0,25212514
特定非営利活動法人全国建物調査診断センター,0,31
特定非営利活動法人四国の道路サポータクラブ,7,240000240000
特定非営利活動法人国際和合医療協会,28,3465264534662645
特定非営利活動法人地域高齢者支援協会,8494625,69859407005940
特定非営利活動法人日本フラワーハートセラピスト協会,0,10619664
特定非営利活動法人日本振興協会,0,18
特定非営利活動法人消防環境ネットワーク,110516165,4757508747575087
特定非営利活動法人知的財産権交渉人協会,1887981,18878471887847
特定非営利活動法人金融検定協会,0,261961858
特定非営利活動法人東アジア電子商取引協会（ＥＡ−ＥＣＡ）,26946600,336876427
特定非営利活動法人日本ビデオアルバム協会,1,16662051606205
特定非営利活動法人日本テクニカルデザイナーズネットワーク協会,2804928,11249001124900
特定非営利活動法人アジア平和貢献センター,0,237797552377975523779755
特定非営利活動法人アルファ住環境研究所,0,4
特定非営利活動法人ヒューマン　オン　ザ　ムーヴ,1577443,1577443
特定非営利活動法人中小企業経営相談IT支援協会,28,127
特定非営利活動法人地域学習センターゆーらっぷ,72000,4254290
特定非営利活動法人建設政策研究所,0,12399222922348
特定非営利活動法人日本ソーシャルサービスドッグ協会,0,30000492000
特定非営利活動法人日本プロカウンセリング協会,7460710,10105107460710
特定非営利活動法人日本資産相続相談センター,144000,2605692605690
特定非営利活動法人湖国美化推進協議会,2,140000
特定非営利活動法人美し（うまし）国づくり協会,0,720000600000120000
特定非営利活動法人ＮＰＯ事業協議会,0,6330
特定非営利活動法人ＲＢＡインターナショナル,0,3
特定非営利活動法人ＬＩＴ,0,12672001267200
特定非営利活動法人ＧＬＯＢＥ　ＪＡＰＡＮ,0,93
特定非営利活動法人１Ｈｚ研究会,41074558,43052271
特定非営利活動法人若年者雇用支援センター,0,65606
特定非営利活動法人メダカの学校,0,1127165127165
特定非営利活動法人バイオテクノロジー標準化支援協会,0,1
特定非営利活動法人オールディーズ・ジェイポップス・クラブ,0,10
特定非営利活動法人エス・シー・エイチ,1036200,1519001036200
特定非営利活動法人みんなの歯科ネットワーク,10000,10000
特定非営利活動法人サイエンスシャワー,0,11111111111111111111111111
特定非営利活動法人セント　ジョン　アンビュランス　ジャパン協会,19468865,76870020237565
特定非営利活動法人ホーピイワールド子ども基金　エル・デイ・エイチクラブ,0,7
特定非営利活動法人ワールド・コア,0,37
特定非営利活動法人地域情報センター,0,1919130
特定非営利活動法人循環型地域システム研究会,0,50000
特定非営利活動法人日本リスクマネジャー　アンド　コンサルタント協会,15446476,15902618
特定非営利活動法人日本農業経営能力開発機構,0,12
特定非営利活動法人第３世界ショップ基金,47770,4550045500
特定非営利活動法人日本空手松涛連盟,63869390,1004300023385648
特定非営利活動法人日本バウビオロギー協会,0,509123
特定非営利活動法人日本セキュリティ研究所,9,93
特定非営利活動法人ソーラー版画協会,0,40000700000
特定非営利活動法人アパナック,0,52500005617500
特定非営利活動法人C.C.Parking,5,0
特定非営利活動法人あごら（テレワーク就業支援ひろば）,0,34107095
特定非営利活動法人こども平和基金,0,0
特定非営利活動法人キャリア戦略研究機構,0,120000120000
特定非営利活動法人ライト建築アーカイブズ日本,1597280,1597280
特定非営利活動法人一橋総合研究所,651679,2160242
特定非営利活動法人国際公正取引推進協会,620928,620928
特定非営利活動法人子どもＮＰＯ・子ども劇場全国センター,57279320,110521038858203
特定非営利活動法人文化創造,15000,1500015000
特定非営利活動法人水素発生技術による環境改善学会,8886635,8886635
特定非営利活動法人ＮＩＰＰＯＮ生涯いきいきメガパフォーマンス協会,5135000,51350005135000
特定非営利活動法人障がい者自立支援塾,0,14052766
特定非営利活動法人近畿ＨＡＣＣＰ実践研究会,0,12000486000
特定非営利活動法人日本フォーラム機構,0,760000
特定非営利活動法人日中メディア文化交流協会,0,0
特定非営利活動法人スクデットスポーツ,2,8726750
特定非営利活動法人ハウジングネットコンシェルジュ,9,1373388013733880
特定非営利活動法人パオッコ,1210725,209020901212815
特定非営利活動法人ランチェスター協会,0,80007997333
特定非営利活動法人宇宙２１,0,1790171117
特定非営利活動法人全国結婚情報管理者協会,451378,315000315000
特定非営利活動法人授産事業総合開発研究所,1100000,1100000
特定非営利活動法人日本リンパセラピスト協会,0,7
特定非営利活動法人自転車環境創造ネットワーク,47003410,4631341047003410
特定非営利活動法人日中,3010895,27107702710770
特定非営利活動法人リ・スタート協会,800000,800000
特定非営利活動法人ヒューマンネットワーク,210000,210000210000
特定非営利活動法人サンクスネイチャーバスを走らす会,0,456
特定非営利活動法人ホームヘルパー広域自薦登録保障協会,207621516,218668085
特定非営利活動法人個別労使紛争処理センター,2327537,22245752224575
特定非営利活動法人全国自然環境文化遺産保全協会,0,1
特定非営利活動法人危機管理対策機構,0,2448277838465583
特定非営利活動法人日中新経済団体協会,0,110000
特定非営利活動法人日本タイヤ安全対策協議会,0,0
特定非営利活動法人日本防犯学校,0,710202721071
特定非営利活動法人生涯厚生事業団,0,202023
特定非営利活動法人生涯学習メンタルケア推進協会,0,1
特定非営利活動法人社会経済文化国際機構,0,9
特定非営利活動法人軆操倶楽部,1807800,462000490000
特定非営利活動法人自己尊重プラクティス協会,2157337,2157337
特定非営利活動法人日本雇用支援機構,8,831
特定非営利活動法人日本在住外国人･共生支援ネットワーク,610000,610000
特定非営利活動法人ワールド地球環境保全生涯学習協会,41,4141
特定非営利活動法人ビルトグリーンコンシェルジュ,0,9
特定非営利活動法人ハドソン国際交流協会,0,10700010700011
特定非営利活動法人ギター音楽教育プロモーション,0,12000205000
特定非営利活動法人Seasarファウンデーション,0,1162
特定非営利活動法人アイ環境福祉奨学金計画,0,171045
特定非営利活動法人匠リニューアル技術支援協会,6980418,241500241500
特定非営利活動法人日本エスコフィエ協会,0,2828000028371000
特定非営利活動法人日本住宅共済制度,13830393,13830393
特定非営利活動法人日本生態系農業協会,2928315,2962616
特定非営利活動法人ＡＱＵＡ　ＲＥＰＯＲＴ,0,11
特定非営利活動法人ｅラーニングコンテンツ認定協会,0,7
特定非営利活動法人防災・危機管理教育協会,0,4
特定非営利活動法人日本技術伝承開発機構,0,2100030000084000216000
特定非営利活動法人日本ダイバージョナルセラピー協会,168000,168000
特定非営利活動法人日本けん玉協会,0,215053455511995
特定非営利活動法人幸せな家庭環境をつくる会,0,13700001550000820000
特定非営利活動法人世界遺産アカデミー,103414557,262500099511557
特定非営利活動法人クーネの会,1362,136201362
特定非営利活動法人ガーデンを考える会,0,1336214472952880
特定非営利活動法人地球の土を救う会,4418100,6001730
特定非営利活動法人全国公益法人会議,0,12
特定非営利活動法人全国町並み保存連盟,1,390003386000
特定非営利活動法人環境問題総合研究所,3337282,19450003337000
特定非営利活動法人福祉マンションをつくる会,0,11414623447489
特定非営利活動法人Ｗｏｏｄｃｒａｆｔ,0,17100001710000
特定非営利活動法人法曹大学,0,5000050000
特定非営利活動法人日本朗読人協会,2991128,19300002119000
特定非営利活動法人日台経済人の会,35993000,35993000
特定非営利活動法人心身永癒研究所,0,1433848
特定非営利活動法人ヘナ,0,9
特定非営利活動法人バリアフリー総合研究所,0,4
特定非営利活動法人ジョイクラブ,17857375,9000090000
特定非営利活動法人アジアケシ転作支援機構,0,1149003
特定非営利活動法人ピースビジネスライフスクール,5174000,5174000
特定非営利活動法人全国心理カウンセリング機構,10542989,10542989
特定非営利活動法人医療と食事と健康を考える会,0,12566664
特定非営利活動法人日本ITイノベーション協会,0,5983301959833019
特定非営利活動法人芸術家二十一世紀の会,390000,3000005
特定非営利活動法人ＩＣＡ文化事業協会,1,399700019787456
特定非営利活動法人ＪＢＭ国際協力協会,0,1169127
特定非営利活動法人ＮＰＯフコイダン研究所,2604075,2604075
特定非営利活動法人Ｋｉｓｓ,0,1533485015334850
特定非営利活動法人青い鳥,0,1430740914307409
特定非営利活動法人日本運動療法推進機構,0,58000006547000
特定非営利活動法人日本標準教育研究所,63921168,270000270000
特定非営利活動法人日本心身機能活性療法指導士会,7584737,5263802134600
特定非営利活動法人日本地域健康支援機構,952000,952000952000
特定非営利活動法人日本ビーチ文化振興協会,3885000,1325525423885000128667542
特定非営利活動法人日本オンラインドラッグ協会,0,130000130000
特定非営利活動法人ワールドホリスティックアソシエーション,0,622250
特定非営利活動法人ウィーキャン,17005169,1490300016960416
特定非営利活動法人いきいき健康法普及協会,0,8000
特定非営利活動法人トライアングル・エコネット,0,9627119
特定非営利活動法人予防医学普及事業団,0,300000432000
特定非営利活動法人再生職人機構,116,11617115
特定非営利活動法人国際架橋書会,11989000,31400003140000
特定非営利活動法人手じるしの酒が創る日本の文化,0,107
特定非営利活動法人日本居合道連盟,0,22000002465500265500
特定非営利活動法人日本教育キネシオロジー協会・横浜,0,469976469976
特定非営利活動法人日本理美容技能協会,960086,1010579
特定非営利活動法人日本移植支援協会,0,450000048623362
特定非営利活動法人桂の樹,0,700000
特定非営利活動法人鹿島自然科学総合研究所,0,120000240000
特定非営利活動法人ＩＴガバナンス研究機構,0,475000
特定非営利活動法人ＩＧＣ,66720862,352390066720862
特定非営利活動法人日本テニス　ウエルネス協会,0,9200002651868
特定非営利活動法人日本シンクタンク・アカデミー,0,81920207525
特定非営利活動法人サンクチュアリ,1,107
特定非営利活動法人エムシーイーアイ,31640401,180300022698833
特定非営利活動法人アーバンデザイン研究体,0,20000025000050000
特定非営利活動法人エリア　サポート　ジャパン,0,1974
特定非営利活動法人コミュニティトレンドインテリジェンス,83419,83419
特定非営利活動法人介護支援ネットワーク,29832064,32031274
特定非営利活動法人全日本健康自然食品協会,29585435,2579400025964000
特定非営利活動法人地域交流センター,0,1603894363719
特定非営利活動法人全国鍼灸マッサージ協会,46729473,3700007737000077
特定非営利活動法人国際青少年体育協会,2000000,20000002000000
特定非営利活動法人総合医療医科学術機関ＫＳＤ,0,34597113459711
特定非営利活動法人若年者就業意識改革支援機構,0,15435001543500
特定非営利活動法人ＮＰＯ新日本まちづくりハウジング協会,180000,180000
特定非営利活動法人ＮＰＯ地域再創生プログラム,0,75072597501
特定非営利活動法人ＮＰＯ事業サポートセンター,0,4129725640742933
特定非営利活動法人自立・支援　アリス,7,1595806
特定非営利活動法人日本廃棄物再利用研究機構,3,54925492
特定非営利活動法人富士山クラブ,0,0
特定非営利活動法人伝統芸能交流ネットワーク,0,77
特定非営利活動法人ユー・アイ・クラブ,0,16100001610000
特定非営利活動法人マンション管理組合サポートセンター,63450487,1200000012000000
特定非営利活動法人コミュニティ・ケア・ネットワーク,12501928,1250000012500000
特定非営利活動法人オハヨウ,0,24000003395710995710
特定非営利活動法人アウソスジャパン住民の自立を支援する会,4005000,39000004005000
特定非営利活動法人Rights,0,450000192000426796
特定非営利活動法人サンクチュアリ・プロジェクト,0,300000300000
特定非営利活動法人国際戦略研究ソサイティー,1,60050000300000850000
特定非営利活動法人子供を交通事故と犯罪から守る会,380000,3500005
特定非営利活動法人全国ｅタウンフォーラム,1,11
特定非営利活動法人医薬品適正使用推進機構,0,200000820000
特定非営利活動法人日本パラリンピック支援機構,8,50300005
特定非営利活動法人障害者生活支援センター市川,0,21364610637179
特定非営利活動法人日本話しことば協会,23392143,175948023134143
特定非営利活動法人イーフラッグスプロジェクト推進協議会,80639573,5736067557360675
特定非営利活動法人コミュニオン,401188,401188
特定非営利活動法人モア・フィールド,0,810000810000
特定非営利活動法人女性医師のキャリア形成･維持･向上をめざす会,312651,30000003000000
特定非営利活動法人日本きもの推進協会,140000,285051
特定非営利活動法人日本転倒事故防止協会,0,200000200000
特定非営利活動法人東海事業支援機構,0,760000145700614300
特定非営利活動法人ＳＯＮＡＥ−ＮＥＴ,80000,80000
特定非営利活動法人水環境問題研究会,0,31
特定非営利活動法人森と自然の会,0,2996101
特定非営利活動法人日本予防医学連絡協議会,0,9
特定非営利活動法人マンモグラフイ検診精度管理中央委員会,0,13609271360927
特定非営利活動法人ABCジャパン,6379130,8
特定非営利活動法人Evidence創出者倶楽部,0,1111
特定非営利活動法人アジア　コミュニケーション　オフィス,2040000,4100001640000
特定非営利活動法人健康・予防医療推進機構,0,4
特定非営利活動法人全国被害者支援ネットワーク,0,183000111339940256940
特定非営利活動法人善意の会,470000,470000470000
特定非営利活動法人国際健康リレーションシップ,0,3
特定非営利活動法人市民生活支援センター,0,550000380981169019
特定非営利活動法人映像産業振興機構,527263009,527263009
特定非営利活動法人自立ケアシステム香川,0,79480023
特定非営利活動法人野外活動教育振興会,0,2884879
特定非営利活動法人消費生活支援協会,0,921000
特定非営利活動法人グリーン環境技術工業会,230062,230062
特定非営利活動法人POWERPLANNER,0,4
特定非営利活動法人いのち,0,11
特定非営利活動法人ひまわりの会,10759695,10759695
特定非営利活動法人ふぁみりぃ,0,160060611670064167000
特定非営利活動法人クローバーズ・ネット,68262787,142925066336103
特定非営利活動法人ベリタス会,0,1
特定非営利活動法人ライフプランニング協会,0,140000
特定非営利活動法人世界華商大会・中華年組織委員会,0,1070518510705185
特定非営利活動法人五つの健康舎,0,490500490500
特定非営利活動法人全日本愛瓢会,0,51650017054889
特定非営利活動法人国際士業カウンシル,1,500015000
特定非営利活動法人全国社会福祉事業援助協会,3350000,33500001
特定非営利活動法人国際キャリア支援協会,0,2006
特定非営利活動法人日本スウェーデン社会サービス研究センター,13005568,568400568
特定非営利活動法人日本人材教育協会,1,6805299
特定非営利活動法人日本教育学検定協会,0,750010500
特定非営利活動法人日本自閉症スペクトラム支援協会,5947746,926046926046
特定非営利活動法人視覚障害者国際協力協会,1924328,17948001794800
特定非営利活動法人証券学習協会,0,7985541975404
特定非営利活動法人ＳＴＡＮＤ,1,2240001535837
特定非営利活動法人ＯＳＩ研究会,0,5761910
特定非営利活動法人ＡＭＤＡ国際医療情報センター,0,21932193
特定非営利活動法人過疎地域健康医療支援センター,0,13650000
特定非営利活動法人日本・スリランカ自然草木保護協会,1366206,1366206
特定非営利活動法人日本エコロベース協会,0,1317059351282
特定非営利活動法人日中経営者協会,1127702,11277021127702
特定非営利活動法人せんす,0,540678400580
特定非営利活動法人にんじんネット協議会,105000,10500012337655
特定非営利活動法人シニアライフセラピー研究所,0,5742010089590
特定非営利活動法人ワイルドワイズ・ジャパン,18784155,18784155
特定非営利活動法人世界文化交流協会,600000,600000
特定非営利活動法人医療福祉人材支援事業団,8,89143144969225
特定非営利活動法人国際人材育成機構,0,52100005340000
特定非営利活動法人日本成人病予防協会,1,137158700137158700
特定非営利活動法人相生会,0,627760
特定非営利活動法人都市型空港研究会,0,548835351010197825
特定非営利活動法人日本犯罪防止事業団,0,11360501136050
特定非営利活動法人ニッポンボランティアサポート,0,1010000010100000
特定非営利活動法人みちのく福祉会,0,827000
特定非営利活動法人まちの灯,0,27541000335612046020204
特定非営利活動法人キューピット二四の会,0,1212521815814197
特定非営利活動法人ヴィヴィッドホーム,2043000,2043000
特定非営利活動法人国民救援協会,2390000,9600001960000
特定非営利活動法人全国福祉住環境開発協会,0,18
特定非営利活動法人全日本合氣拳法連盟,0,3000008100000
特定非営利活動法人四国調査業協会,48000,48000
特定非営利活動法人山の幸染め会,0,1078153
特定非営利活動法人手話技能検定協会,57847713,494000494000
特定非営利活動法人日本社会人アメリカンフットボール協会,0,68252756890705
特定非営利活動法人日本都市計画家協会,0,250000018150000160000013875000
特定非営利活動法人ＮＰＯ全国敬愛福祉協議会,0,1655016550
特定非営利活動法人神宮社護持会,0,9
特定非営利活動法人日本伝統建築技術保存会,0,13180005608000
特定非営利活動法人ネットワークリスクマネジメント協会,0,6000010560000
特定非営利活動法人インターナショナル・メンタル・キャタリスト・アソシエーション,1682340,1682340
特定非営利活動法人ほのぼのスポーツクラブ,7,6722003454850
特定非営利活動法人エコデザイン市民社会フォーラム,0,11840700146262482
特定非営利活動法人トリプルＡ,8308100,57831005783100
特定非営利活動法人ワンデーポート,8,680000026654251
特定非営利活動法人世界ヒバクシャ展,2007,410104
特定非営利活動法人全国教育ボランティアの会,0,30765362
特定非営利活動法人全国温泉供給者＆福祉医療協会,0,7
特定非営利活動法人国際人権教育推進センター,0,20000020000
特定非営利活動法人園芸アグリセンター,0,15000003150000
特定非営利活動法人地域社会活性化協会,0,51187500
特定非営利活動法人国際身体障害者芸術文化協会,0,13
特定非営利活動法人地球監査,0,500000
特定非営利活動法人日本音楽映像ボランティアセンター,3764101,36628613662861
特定非営利活動法人現代用語検定協会,8658671,10000001110000
特定非営利活動法人生命保険格付協会,1875503,1875503
特定非営利活動法人障害者雇用促進ネットワーク,168000,5000168000
特定非営利活動法人福岡・ミャンマー友好協会,0,1562149
特定非営利活動法人生涯学習　知の市庭,0,3862115
特定非営利活動法人日中交流促進会,0,600000600000
特定非営利活動法人ローカルネット日本福祉医療評価支援機構,0,3063952030639520
特定非営利活動法人ホリスティックビューティインターナショナル,1800000,8450001165000
特定非営利活動法人ジャパン・ヘルス・コミュニケーション,0,1931
特定非営利活動法人ジムカーナ･ライダーズ･アソシエーション,664256,664256
特定非営利活動法人ふるさと往来クラブ,42544038,4254403842544038
特定非営利活動法人ふるさと広報センター,0,4
特定非営利活動法人ほいくゼミナール・２１,1527490,1527490
特定非営利活動法人メンタルコミュニケーションリサーチ,0,21600001176000984000
特定非営利活動法人全国廃棄物監視機構,1,200000350000
特定非営利活動法人地球の緑を育てる会,1,31620104810010
特定非営利活動法人日本伝統芸能振興会,0,150000003566737120667371
特定非営利活動法人日本歴史文化交流協会,0,4
特定非営利活動法人次世代の家と社会をつくる会,3872972,3872972
特定非営利活動法人環境保全機構グリーン・ユナイテッド,7,91
特定非営利活動法人環境教育メッセ,36000,36000
特定非営利活動法人Ｔｈｅ　Ｃｌｕｂ　Ｃｏｎｃｉｅｒｇｅ　Ｊａｐａｎ,0,6011016189
特定非営利活動法人ＷＩＳＨ,0,230000257000
特定非営利活動法人若年無業就労支援者ネットワーク,0,60006000
特定非営利活動法人日本個人情報保護推進機構,0,1552117
特定非営利活動法人日本ウィル・カウンセリング協会Ｃｕｒｅ,0,1117411110331
特定非営利活動法人両毛ケアサービス,257664733,203877186203877186
特定非営利活動法人三次元ＣＡＤ技術者協会,3120030,3120030
特定非営利活動法人センス　オブ　アース・市民による自然共生パンゲア,257923,145923145923
特定非営利活動法人グリーンハウジング,100013,100000100000
特定非営利活動法人プラスチックマテリアルリサイクル推進協議会,4914829,39000003900000
特定非営利活動法人健康ルネサンス協会,0,360000360000
特定非営利活動法人全日本青少年育成協会,0,822531
特定非営利活動法人分子整合栄養医学協会,2,23500002390000
特定非営利活動法人医療施設近代化センター,70475400,5465040054650400
特定非営利活動法人家族カウンセリングセンター,0,120000170000
特定非営利活動法人健康科学研究開発センター,44961705,72972443761705
特定非営利活動法人全日本福祉手技療法師協議会,400123,160000400000
特定非営利活動法人地球環境資源リサイクル協会,250122,250122
特定非営利活動法人市民と電子自治体ネットワーク,0,276135276135
特定非営利活動法人日中医薬交流センター,0,3
特定非営利活動法人日本あおいの会,0,1050000
特定非営利活動法人日本メディエーションセンター,4308630,133271133271
特定非営利活動法人経営情報協議会,0,208186208186
特定非営利活動法人ＰＦＩ推進事業体,0,2572454
特定非営利活動法人日本陶芸協会,0,3200000
特定非営利活動法人日本儀礼文化協会,0,12523961850396
特定非営利活動法人日本デジタル・アーキビスト資格認定機構,2392319,2392319
特定非営利活動法人住民と医療のネットワーク,10034,1000010000
特定非営利活動法人ユーディエイチ,0,7
特定非営利活動法人ドクターＭＡＹＡファンド,3788344,36866813686681
特定非営利活動法人アイアンドユウ,1,5280
特定非営利活動法人みんなでまちづくり,10005815,10005815
特定非営利活動法人NPO日本キャリア・コンサルタント協会,5242458,0
特定非営利活動法人体験学習研究会,0,316100002128631410323686
特定非営利活動法人国際実用科学技術支援機構,400000,20000025000050000
特定非営利活動法人日本福祉環境協議会,0,5000001041150541150
特定非営利活動法人日本自然医療協議会,496000,22406512246651
特定非営利活動法人日本ＨＩＳ研究センター,0,17948089
特定非営利活動法人腎臓病早期発見推進機構,0,13702777
特定非営利活動法人真生活創造,0,132254517156001
特定非営利活動法人環境福祉協議会,0,307500
特定非営利活動法人海の森づくり推進協会,0,0
特定非営利活動法人歯科情報協会,397000,377000377000
特定非営利活動法人日本ニーム協会,0,200731
特定非営利活動法人タウンモービルネットワーク,0,7
特定非営利活動法人ジェーシーピー,0,200731
特定非営利活動法人NaturalEnergyDesign,0,651811
特定非営利活動法人beインテリジェンスネットワーク,0,0
特定非営利活動法人エコフォーラム21,1,19
特定非営利活動法人エヌピーオー情報ネットワークセンター,100000,100000
特定非営利活動法人ジオ・マッジョーレ協会,0,9
特定非営利活動法人全日本書写書道教育連盟,0,113676772
特定非営利活動法人公共政策総合研究所,150000,150000150000
特定非営利活動法人日本優良リフォーム協会,0,4
特定非営利活動法人日産労連ＮＰＯセンター「ゆうらいふ21」,1,120000000120580000580000100
特定非営利活動法人環境保全推進機構,8,21000002100000
特定非営利活動法人金融ビジネス技能検定協会,0,11300000
特定非営利活動法人黄色いハートの会,0,5000511
特定非営利活動法人ＦＰコンサルタント普及協会,0,100000100000412000
特定非営利活動法人西会津国際芸術村,0,5895116
特定非営利活動法人自立生活支援センター徳島,0,0
特定非営利活動法人手技療術指導協会,0,3838
特定非営利活動法人個人投資家育成協会,0,4
特定非営利活動法人ストップ・フロン全国連絡会,2007,6829127
特定非営利活動法人オアシス,1,1737871737876
特定非営利活動法人エデュケーション　ガーディアンシップ　グループ,58146575,280986558145023
特定非営利活動法人ADRA　Japan,156671223,11
特定非営利活動法人こども体育準備協会,0,36850
特定非営利活動法人アジア経済知識交流会,10274385,240000010200000
特定非営利活動法人グローバルヒューマン,0,5350575064403497
特定非営利活動法人国際デイプロマ協会,32525600,32525600
特定非営利活動法人国際教育活動ネットワーク／REX-NET,0,440000230000210000
特定非営利活動法人学生キャリア支援ネットワーク,241502,241502
特定非営利活動法人家電リユース協議会,500000,420000420000
特定非営利活動法人日本バトンリンク協議会,1780000,1780000
特定非営利活動法人日本プライマリーケア推進協会,4770761,6084585
特定非営利活動法人緑と水を創る事業団,0,0
特定非営利活動法人ＪＡＰＡＮ　ＳＰＯＲＴＳ　ＲＥＶＯＬＵＴＩＯＮ,0,15901215
特定非営利活動法人ＮＢＢシステム協会,0,0
特定非営利活動法人沖縄空手道剛柔流東魁塾,0,3
特定非営利活動法人日本自然環境保全協会,3306000,26000003250000
特定非営利活動法人日本エネルギー市民サポート,10,10
特定非営利活動法人メディカル療法師認定協会,0,5846111
特定非営利活動法人ヒール・ザ・ワールド・インスティテュート,8560666,8560666
特定非営利活動法人エコグリーン協会,4120028,24119317
特定非営利活動法人アイ・ディー・エス・ピー,1,5002
特定非営利活動法人OurPlanet-ＴＶ,0,18000002400000600000
特定非営利活動法人あおもり２４,0,0
特定非営利活動法人はばたく夢ロボット,0,7686576865
特定非営利活動法人ハンドドライブ・クロス協会,7,15750965
特定非営利活動法人ルーバンデザイン研究所,0,2300003061250
特定非営利活動法人子育てfネット,0,7
特定非営利活動法人Ｌｉｎｋ愛媛,1931,1931
特定非営利活動法人ＮＰＯホタルの会,0,3531120000
特定非営利活動法人ＮＰＯ語学教育支援協会,0,119311931
特定非営利活動法人海外交流促進協会,0,650000
特定非営利活動法人日本クリエイティブダイエティシャン協会,8277687,11636201163620
特定非営利活動法人快適環境研究会,0,97
特定非営利活動法人ライフケアＪＰ,0,600000600000
特定非営利活動法人ミュージックアソシエーション,0,100
特定非営利活動法人プロジェクトＢＣ,0,5500003035193
特定非営利活動法人バイオマス産業社会ネットワーク,129350365,6510662265106622
特定非営利活動法人ハウスキーピング協会,1,10273826
特定非営利活動法人げんき,0,2
特定非営利活動法人住宅地盤診断センター,0,11175540675
特定非営利活動法人和装教育国民推進会議,8817350,11043508817350
特定非営利活動法人全国高齢者住宅環境協会,0,4
特定非営利活動法人南京都ニュースターズ,7855468,17855468
特定非営利活動法人日本空手道協会,0,5400054000
特定非営利活動法人日韓トンネル研究会,22841983,1835000018841000
特定非営利活動法人自然エネルギー普及協会,256000,256000
特定非営利活動法人輸入品販売交流協会,0,3
特定非営利活動法人近未来生活研究所,0,2940029400
特定非営利活動法人舞浜ソーシャル･サポート,3512500,3512500
特定非営利活動法人日本保守主義研究会,656000,25626492562649
特定非営利活動法人日本ウミガメ協議会,0,36136490
特定非営利活動法人ヒューマンインフラサポート,0,31
特定非営利活動法人サインセンター,7,21000002100000
特定非営利活動法人アスピス,0,721202
特定非営利活動法人アジア環境技術推進機構,0,800000
特定非営利活動法人アクティブシニア応援団ＰＰＫ,0,8
特定非営利活動法人さきがけ技術振興会,4110000,4110000
特定非営利活動法人アジア留学生サポートセンター,100000,100000100000
特定非営利活動法人バリアフリー・プロジェクト,0,230000
特定非営利活動法人パリパス,0,1520000520000
特定非営利活動法人伝統紅茶文化協会,0,900001165560
特定非営利活動法人健康資源研究開発機構,130265,130265
特定非営利活動法人動員学徒記念若人の広場復興委員会,0,3
特定非営利活動法人国際イノベーションセンター,0,24300003600009000111
特定非営利活動法人元気で楽しい人生を創る会,427506,427506427506
特定非営利活動法人地球共生機構,200000,100000200000
特定非営利活動法人地球野外塾,0,13486499
特定非営利活動法人日本留学推進協会,0,75700007570000
特定非営利活動法人蔵前バイオマスエネルギー技術サポートネットワーク,0,105800012400001
特定非営利活動法人生活環境創造保全会,936400,602400936400
特定非営利活動法人中小企業経営者支援機構,0,10
特定非営利活動法人トムソー自然塾ネット,1832395,1832395
特定非営利活動法人East　West　Educational　Service,0,11
特定非営利活動法人ウイセフ,0,7
特定非営利活動法人シネマネットジャパン,0,52000300188980050110436
特定非営利活動法人全国ものづくり連絡協議会,0,168000203000
特定非営利活動法人全国まちづくりサポートセンター,0,6387502
特定非営利活動法人全国山村留学協会,11,1600000115000001000003
特定非営利活動法人日本ブールスポーツ連盟,0,295801059680
特定非営利活動法人日本医療福祉支援機構,43222799,43222799
特定非営利活動法人Ａ・Ｐ・Ｕ,0,744707744707
特定非営利活動法人ＪＡＳＣ日本シニア文化協会,0,4
特定非営利活動法人皆と取り組む食品の安全と品質を考える会,4,44
特定非営利活動法人生命と環境保全ネットワーク,0,3000030000
特定非営利活動法人日本高齢者虐待防止センター,0,1973003
特定非営利活動法人日本カイロプラクティック同盟,3529664,1500001776008
特定非営利活動法人文化創造企画,0,3000000
特定非営利活動法人建設構造設計支援協会,0,12
特定非営利活動法人住宅保障協会,0,5422400
特定非営利活動法人ダイレクトメール推進協議会,2344000,18900001890000
特定非営利活動法人カムチャツカ研究会,0,523028664448891214603
特定非営利活動法人MPI,1988783,11
特定非営利活動法人システム・バイオロジー研究機構,119653419,2472324723
特定非営利活動法人企業社会責任フォーラム,0,4451145791050012361645
特定非営利活動法人健康麻雀倶楽部,0,27450
特定非営利活動法人帰宅支援ネットワーク,0,4
特定非営利活動法人海外壮年協力隊,0,4495
特定非営利活動法人ＮＰＯ専門職ネット,0,6169366
特定非営利活動法人都市動物協会,0,200731
特定非営利活動法人視覚障害者の夢と生活を創る会,0,5
特定非営利活動法人潜在能力開発・カルチュアルコート,2105847,10000001000000
特定非営利活動法人日本トータルヘルスケア連盟,761920,110000115000
特定非営利活動法人スターティング・プレース,38695871,852174829056798
特定非営利活動法人エスエルシーシー矍鑠協会,1193000,600000600000
特定非営利活動法人ICDSキャリア・デザイン・サポーターズ,0,6
特定非営利活動法人アースエイドソサエティ,0,120000001000000080
特定非営利活動法人ファンタジープラスワン,2151311,21513112151311
特定非営利活動法人天籟,0,8
特定非営利活動法人就業・生活支援プロジェクト,0,8
特定非営利活動法人日本医療環境福祉検定協会,0,22842650228426500
特定非営利活動法人日本地域福祉協会,0,47
特定非営利活動法人日本靈氣療法協会,785000,615000785000
特定非営利活動法人環境保全を考える会,1320000,1320000
特定非営利活動法人職業技能評価機構,365230,365230
特定非営利活動法人ＡＳＴＯ,0,5000050000
特定非営利活動法人ＮＰＯ　環境持続建築,1,500000500000
特定非営利活動法人純銀アート協会,0,1450190
特定非営利活動法人日本無名道　美容健康推進協会,0,6180061800
特定非営利活動法人ワンネス,0,218000
特定非営利活動法人ピープルズ・ホープ・ジャパン,142263754,200000055364893
特定非営利活動法人ティ・エム介護サービス,1731463252,17314632521731463252
特定非営利活動法人IT推進機構　ｅ−Ｔｉｐｓ,174100,17410017
特定非営利活動法人あんしんネットワーク,1202364,1202364
特定非営利活動法人イコール・オポテュニティー・ジャパン,0,54195
特定非営利活動法人トータルライフサポートクラブ,77000,77000
特定非営利活動法人パーソナル法人協会,0,18
特定非営利活動法人四條司家食文化協会,0,880000
特定非営利活動法人富士山を世界遺産にする国民会議,58155228,5250000052500000
特定非営利活動法人全国レインボークラブ,0,1027241810272418
特定非営利活動法人全日本高齢者福祉協会,0,526
特定非営利活動法人地球沙漠緑化実践協会,3895000,3952984
特定非営利活動法人東連ジャパン,0,1570821
特定非営利活動法人自立支援センターおおいた,0,8838130088381300
特定非営利活動法人ＣＯＣＯ,156427,2668170
特定非営利活動法人自然に生きる会,0,500000500000
特定非営利活動法人日本補助犬協会,1,2804922628049226
特定非営利活動法人日本地質汚染審査機構,0,523480205717830
特定非営利活動法人日本医療ボランティア振興事業団,0,47
特定非営利活動法人日本マンション自主管理組合支援センター,0,47
特定非営利活動法人日本スコットランド協会,0,163650005763626601374
特定非営利活動法人日本きぎょうコミュニティ,763664,763664
特定非営利活動法人ジャパンライオンズケア,0,18
特定非営利活動法人VHJ機構,0,38907123
特定非営利活動法人NaturalRelationFieldみのいし,0,11
特定非営利活動法人あい．介護ネットワーカーズ,792977,11
特定非営利活動法人さくら・さくら,1139933,0
特定非営利活動法人アジア太平洋環境フォーラム,0,600000
特定非営利活動法人コペルＮＰＯ,0,7500001028000278000
特定非営利活動法人セフティマネジメント協会,698145,593980593980
特定非営利活動法人ビワコ国際福祉支援センター,0,556
特定非営利活動法人リサイクル技術振興会,0,1654737
特定非営利活動法人光触媒技能振興普及協会,1486008,10000001000000
特定非営利活動法人家庭教師派遣業自主規制委員会,0,3
特定非営利活動法人全国葬送支援協議会,8771018,9600008580000
特定非営利活動法人学習塾全国連合協議会,29535672,114850025010282
特定非営利活動法人居宅生活支援センター　いこおる,0,1
特定非営利活動法人日本ゼリスケープデザイン研究協会,0,6200009519043
特定非営利活動法人波照間くらぶ,2270000,2270000
特定非営利活動法人小学校英語指導者認定協議会,0,3700600036339580
特定非営利活動法人ワイ・ディー・エム・アソシエーション,0,2033003
特定非営利活動法人フラワーアレンジメント振興協会,158890331,158883998158883998
特定非営利活動法人ピアシップみしま,28810922,68791624723271
特定非営利活動法人CommunityDesignCouncil,83992086,0
特定非営利活動法人国際ドッジボール連盟,0,12
特定非営利活動法人国際交流協会　アジャップ　ジャパン,1,24653220
特定非営利活動法人日本未来機構,270000,180000180000
特定非営利活動法人ＣＡＮＶＡＳ,0,4000001400000
特定非営利活動法人ブラーマ・クマリス,12203865,82376068237606
特定非営利活動法人ハンディホイラーの会,0,31268687274426
特定非営利活動法人エクステリアプランナーの会,0,225000
特定非営利活動法人日本青少年音楽芸能協会,0,25000002500000
特定非営利活動法人生前契約ネットシステム,0,4
特定非営利活動法人ＲＥ機構,0,149617932
特定非営利活動法人日本食品リサイクルネットワーク,1,4178504
特定非営利活動法人日本社会保障研究会,0,905526
特定非営利活動法人むつみ式操体学協会,0,2515195000
特定非営利活動法人線維筋痛症友の会,0,14701001470100
特定非営利活動法人麻薬撲滅・薬物乱用対策センター,118000,6800068000
特定非営利活動法人東毛地域生活支援センター　セサミ,0,232918781277521780771981948776490687
特定非営利活動法人日華映像交流センター,0,4
特定非営利活動法人SustainableFellowshipInternational,0,9110111716
特定非営利活動法人健康福祉サポートシステム,0,510000
特定非営利活動法人共生型すまい開発推進機構,0,4
特定非営利活動法人園芸療育環境アカデミー,0,70000425000
特定非営利活動法人芸能福祉音楽文化事業協会,0,82
特定非営利活動法人西東京介護センター,0,10
特定非営利活動法人経済知力フォーラム,750003,750003
特定非営利活動法人インターンシップ支援センター,0,11780595
特定非営利活動法人国際ボランティア団体２１世紀日本モンゴル協会,5,50001
特定非営利活動法人日本インストラクタープロゴルフ協会,0,525000029150002335000
特定非営利活動法人災害復興東日本慈生会,1,41
特定非営利活動法人福祉活動芸能人協会　転ばぬ先の杖の会,3181890,3181890
特定非営利活動法人邦楽指導者ネットワーク21,7,517800039976341180366
特定非営利活動法人防災通信研究会,0,178198178
特定非営利活動法人ＰＦＩジャパン,420000,420000
特定非営利活動法人ＮＰＯ総務部,4,2000020000
特定非営利活動法人農都共生全国協議会,0,6110001751000
特定非営利活動法人アイフォーム・ジャパン,3016500,1300002700000
特定非営利活動法人「育て上げ」ネット,85739444,85739444
特定非営利活動法人ザ・シチズンズ・カレッジ,12897393,75000007500000
特定非営利活動法人全国要約筆記問題研究会,16456612,10000010323000
特定非営利活動法人国際メンターシップ協会,0,21252262973981848755
特定非営利活動法人外国人研修生・実習生生活支援ＮＰＯ全国会,0,6
特定非営利活動法人国際技術文化交流協会,190000,190000
特定非営利活動法人水環境創生クラブ,205128,205000205000
特定非営利活動法人犯罪被害者支援の会ａｐｐｕｉ,0,668298668298
特定非営利活動法人環境未来センター“希望”,30765520,7720230436802
特定非営利活動法人木の建築フォラム,28992680,80900017277956
特定非営利活動法人世界人材育成機構,0,111024111021
特定非営利活動法人リサイクルソリューション,0,24859450
特定非営利活動法人日本ビーチクラブ連盟,396323,396323
特定非営利活動法人日本防具空手道連盟,6278000,15710005630000
特定非営利活動法人環境テクノロジーセンター,15762000,15762000
特定非営利活動法人脳腫瘍ネットワーク,347119,200000200000
特定非営利活動法人企業年金・賃金研究センター,0,6500000658340083400
特定非営利活動法人ロードセンス・ジャパン,30000,3000030000
特定非営利活動法人ライフサイクルネットワーク,0,100000001000000
特定非営利活動法人全国土地活用研究会,0,2628030
特定非営利活動法人呼吸大学,0,76092197601
特定非営利活動法人天地返し療法協会,8,713061713061
特定非営利活動法人自立支援センター四岳館,9,34273522230199
特定非営利活動法人日本投資教育協会,300000,300000300000
特定非営利活動法人日本プラセンタ協会,0,6000090000
特定非営利活動法人フォレストアドベンチャー,0,9957106
特定非営利活動法人Ecolink21,0,2
特定非営利活動法人合意形成マネジメント協会,306735,859340
特定非営利活動法人在宅就労支援事業団,0,2200000022000000
特定非営利活動法人抗老化三七研究会,0,20
特定非営利活動法人日本ネットワークセキュリティ協会,148002805,4790000047900000
特定非営利活動法人日本介助犬アカデミー,0,17500032717013
特定非営利活動法人橋守支援センター,72000,72000
特定非営利活動法人ＣＡＰＤ支援機構,0,1211000012110000
特定非営利活動法人ＴＭＡＴ,0,20163951
特定非営利活動法人ＡＯＰＡ−ＪＡＰＡＮ,8,4290003999000
特定非営利活動法人耐震総合安全機構,17673488,17673488
特定非営利活動法人環境リレーションズ研究所,0,77834007703400
特定非営利活動法人日本人権擁護連合会,0,17320000
特定非営利活動法人エヌピーオー人材アカデミー,0,20387242908724
特定非営利活動法人アジアエスペラント社会研究会,0,621121
特定非営利活動法人カンボジアの健康及び教育と地域を支援する会,15187303,1518730315187303
特定非営利活動法人剛柔流武術協会,2437600,21726002172600
特定非営利活動法人日本不動産コンサルタント協会,180032,324833
特定非営利活動法人日本家庭医療学会,0,600000049580131041987
特定非営利活動法人日本ＡＣＬＳ協会,188860025,185198776185198776
特定非営利活動法人日欧舞台芸術交流会,2850473,3829918
特定非営利活動法人海辺つくり研究会,0,507600507600
特定非営利活動法人日本ハーバルアロマセラピスト協会,1825744,1825744
特定非営利活動法人ホームヘルパー福祉センター,0,3469914585780
特定非営利活動法人ブロードバンドアジア,94500,9450094500
特定非営利活動法人ジャパン・ウォーター・ガード,0,18180000
特定非営利活動法人コアネット,8461694,84616948461694
特定非営利活動法人アビリティ・デザイン・サポート,49274807,49274807
特定非営利活動法人スターズクラブ,0,21000002100000
特定非営利活動法人ニュースタート事務局,301484279,200916762009257520092575
特定非営利活動法人全国ことばを育む会,2443476,26846572664657
特定非営利活動法人日本ピーエフアイ協会,5,1281668020576680
特定非営利活動法人Ｇｒａｎｄ　Ｐｕｂｌｉｃ研究所,0,16116
特定非営利活動法人ヘルスケア・リレーションズ,2581463,739201742920
特定非営利活動法人タウン・コンパス,0,119941511552110
特定非営利活動法人ナイスエージング・スキーヤーズ協会,5,37340003280000454000
特定非営利活動法人全国マンション管理組合連合会,0,30887671
特定非営利活動法人地域推進事業団,1910000,18500001850000
特定非営利活動法人茗荷村,0,200004262822628
特定非営利活動法人関西ラオス協会,210000,875178
特定非営利活動法人アイエイチエムエージャパン,15683594,1394525014492250
特定非営利活動法人アクティブサポート,17,171
特定非営利活動法人ハート・ネット,0,169210
特定非営利活動法人夢中塾,298024,298024
特定非営利活動法人宇宙支援協会,0,132012
特定非営利活動法人日本多肉植物の会,0,111341740246740200610
特定非営利活動法人食の効果を考える会　つくしんぼ,0,100000
特定非営利活動法人ＵＧビジネスクラブ,29554488,29554488
特定非営利活動法人Ｎ・Ｃさくら会,0,27852785
特定非営利活動法人ＣＢＴコンソーシアム,37085592,700000029024800
特定非営利活動法人福祉総合評価機構,0,94293695962
特定非営利活動法人日本保養地・保養地医療連盟,0,10000001000000
特定非営利活動法人日本バーチャルリアリティ学会,0,275000012668000
特定非営利活動法人地球温暖化防止協会,0,1428390872
特定非営利活動法人全日本中国残留帰国者協会,1085000,10000001000000
特定非営利活動法人日本コンプライアンス推進協会,0,500000500000
特定非営利活動法人緩和ケア支援センターコミュニティ,0,115310000
特定非営利活動法人日本レスキュー協会,84526055,1563068271195676
特定非営利活動法人日本インベスター協会,0,4
特定非営利活動法人ザ　スペース　ツーリズム　ソサエティ　ジャパン,0,65000225000
特定非営利活動法人カラーカウンセリング＆会話心理学研究会,1736987,100000100000
特定非営利活動法人地域と行政を支える技術フォーラム,8,290000290000
特定非営利活動法人地域振興支援センター,178,268477000
特定非営利活動法人日・ロ交流懇話会,27929,2792970
特定非営利活動法人日本アートアカデミー協会,0,25488875
特定非営利活動法人日本園芸療法士協会,0,520000074648592264859
特定非営利活動法人日中文化交流センター,1,11
特定非営利活動法人メディカルケア協会,0,1908766908766
特定非営利活動法人グローバルネットワーク,0,4669312
特定非営利活動法人インターナショナルテストセンター・コンソーシアム,0,4
特定非営利活動法人国際おりがみ協会,0,111
特定非営利活動法人字幕文化推進協会,0,278278
特定非営利活動法人日本クリニカルコーディング協会,4566316,22230003916000
特定非営利活動法人日本個人データ保護協会,0,21287976
特定非営利活動法人森林再生支援センター,0,1188945000
特定非営利活動法人Ｌｉｖｅ　Ｂｌｏｏｄ,0,56329106329
特定非営利活動法人ＩＳＯ認証取得支援機構,2006,1716198030884420
特定非営利活動法人環境ユニバーサルデザイン協会,0,10
特定非営利活動法人まち再生ネットワーク,0,2000020000
特定非営利活動法人ヒーローズ,0,10
特定非営利活動法人医食同源・健康21促進の会,28665,28665
特定非営利活動法人国際環境教育機構,0,111
特定非営利活動法人日本個人投資家協会,15219671,69880006988000
特定非営利活動法人産業健康振興協会,0,1357361513573615
特定非営利活動法人虹の里,1,4
特定非営利活動法人日本市民スポーツ海外交流協会,561600,366600366600
特定非営利活動法人コミュニケーション支援センター,0,50000005000000
特定非営利活動法人クレサラ救済センター,0,250000
特定非営利活動法人ArtManagementStationArMS,0,2
特定非営利活動法人ArtManagementStation_ArMS_,0,2
特定非営利活動法人アジア環境保全センター,2006,15874806822480
特定非営利活動法人エンジェルダイヤ高齢者共済機構,1549000,11310001429000
特定非営利活動法人全国生前契約信託機構,0,20550760051
特定非営利活動法人地域自立ソフトウェア連携機構,111,11121111111455292
特定非営利活動法人日本の将来を考える会,479892,405000405000
特定非営利活動法人日本情報管理協会,0,4
特定非営利活動法人技術ネットワーク,19,328025
特定非営利活動法人ライフクリエイト,0,23020002302000
特定非営利活動法人メンタルヘルス研究会,1137920,473571800411
特定非営利活動法人ドリームクリエイト,0,12
特定非営利活動法人【仕事と子育て】カウンセリングセンター,30027834,30027834
特定非営利活動法人ホワイトバード,60083646,60083646
特定非営利活動法人介護・生活習慣病予防支援機構,1136000,11360001136000
特定非営利活動法人子どもの危険回避研究所,0,300000300000
特定非営利活動法人自然環境復元協会,23345054,750414013743140
特定非営利活動法人障害者支援・清水会,27402460,27402460
特定非営利活動法人環境カウンセラー全国連合会,0,3
特定非営利活動法人サラダボール,104814998,104814998
特定非営利活動法人EducationalCardGameNetwork,354508,354508
特定非営利活動法人エコエコワールド,0,5220085
特定非営利活動法人ネットワーク『地球村』,194725058,7031550070315500
特定非営利活動法人住宅支援センター,0,6
特定非営利活動法人全国調査業者連絡協議会,0,1
特定非営利活動法人ＮＰＯポートフォリオインテリジェンス,1,9714
特定非営利活動法人日本女性生涯支援協会,13436537,13436537
特定非営利活動法人人間未来２１,0,23463955
特定非営利活動法人しおんの家,13851509,13851509
特定非営利活動法人ハートウェル２１,0,12029001202900
特定非営利活動法人地理情報技術研究所,0,500010000
特定非営利活動法人国際安心安全協会,0,50000170000
特定非営利活動法人在宅ケア協会,0,3957023957021116511
特定非営利活動法人建築設備コミッショニング協会,41672317,1540323737682587
特定非営利活動法人東洋蝙蝠研究所,34209649,34209649
特定非営利活動法人アクティブシニア快活生涯学習センター,0,73480
特定非営利活動法人シーエム会,178000,178000178000
特定非営利活動法人ライフサポートセンターチューリップ,117500,200000200000
特定非営利活動法人永代供養推進協会,0,644780644780
特定非営利活動法人ＮＰＯひまわり,0,31
特定非営利活動法人西日本自立生活推進協議会,0,4
特定非営利活動法人町田楽友協会,5151665,2143602134360
特定非営利活動法人日本ユニバーサルデザイン研究機構,0,2100025539554
特定非営利活動法人日本の環境と文化を守る会,0,4
特定非営利活動法人就業支援ネットワーク,9926763,18300001830000
特定非営利活動法人レディース５５,0,55
特定非営利活動法人ExperienceAid,100000,100000
特定非営利活動法人オープンソースソフトウェア協会,1683723,784416784416
特定非営利活動法人キッズエナジー,0,110311000
特定非営利活動法人建診協,0,8
特定非営利活動法人日本子ども交通科学協会,0,20
特定非営利活動法人開発技術学会,0,105000204002
特定非営利活動法人教育・福祉　開心塾,4580612,38520003852000
特定非営利活動法人いつつ星,0,4329645
特定非営利活動法人共生,0,1600000200000
特定非営利活動法人共生ネットワーク　オズ,0,33264359
特定非営利活動法人青少年自立援助センターブルーム,8,15000001500000
特定非営利活動法人ＩＴＣ−ＭＥＴＲＯ,0,93
特定非営利活動法人自然環境保全協会,206215000,164000000164000000
特定非営利活動法人日本歌謡指導連盟,0,5816449
特定非営利活動法人にほんまる,80394,11
特定非営利活動法人ザ・ファースト・ステップ,0,4
特定非営利活動法人新エネルギーシステム開発･普及研究所,0,600000
特定非営利活動法人循環社会推進機構,108650,108650
特定非営利活動法人グローバル・ビジョン,0,270001
特定非営利活動法人エコです環境応援団,0,111831
特定非営利活動法人エキスパート児童福祉支援協会,50027500,4931750049317500
特定非営利活動法人ふれあい自然塾,12,49800004980000
特定非営利活動法人がんばれ日本,264000,11
特定非営利活動法人あじさいの里,0,1
特定非営利活動法人京都男山エジソン協会,0,9
特定非営利活動法人循環資源促進機構,292000,292000292000
特定非営利活動法人難病児の夢と親子のハートフル・ホリデーＩＮＴＯＫＹＯ,0,100000200000
特定非営利活動法人親善クレセールプロジェクト,0,2143015021430150
特定非営利活動法人日本防災ネットワーク協会,1,90000120000
特定非営利活動法人日本ネパール友好推進協議会,0,1000030000
特定非営利活動法人k-press,12758671,20000012612671
特定非営利活動法人なかよしホーム,0,6969263881
特定非営利活動法人まちなみ育成会,0,151
特定非営利活動法人グループホーム総合研究所,0,1
特定非営利活動法人シニアネット,21039432,21039432
特定非営利活動法人日本ストアメンテナンス協会,7,18
特定非営利活動法人ＢＢトリニティーズ,0,81
特定非営利活動法人日本国際消防協会,0,200731
特定非営利活動法人ジャパングリーンフローティング協会,12,12
特定非営利活動法人まちづくり協会,1237772,1237772
特定非営利活動法人ジャパン・プロデュース・ネットワーク,0,9
特定非営利活動法人ファミリーサポート,7,77
特定非営利活動法人つばめスポーツ振興協会,0,3961630
特定非営利活動法人コンピュータ・サポート・ネットワーク,0,2587541
特定非営利活動法人ブラジル文化交流振興会,0,219
特定非営利活動法人日医文化総研,20112020,91141172
特定非営利活動法人日本ツーリズムオペレーション,1,28
特定非営利活動法人消費者住宅フォーラム,0,17291620
特定非営利活動法人集合住宅管理組合センター,0,827509827509
特定非営利活動法人ひまわりの里,177952949,11
特定非営利活動法人家庭科教育研究者連盟,0,5545
特定非営利活動法人日本躰道協会,26689747,1447240014827400
特定非営利活動法人東北エコリサイクルネットワーク研究会,0,19
特定非営利活動法人生活応援友の会,0,634000754000
特定非営利活動法人環健ネットワーク,1680000,5600001680000
特定非営利活動法人ニホンザル・フィールドステーション,0,350000550000
特定非営利活動法人あかり研究所,49600000,49600000
特定非営利活動法人はらまち交流サポートセンター,1,2
特定非営利活動法人フラッシュ,0,11500000
特定非営利活動法人日本アコーディオン協会,6811703,13254521426452
特定非営利活動法人日本ウィメンズネットワークエレナ,0,4
特定非営利活動法人ＩＴサポートコミュニケーションズ,0,10
特定非営利活動法人日本カンボジア友好親善協会,0,3
特定非営利活動法人ハッピー料理クラブ,3564140,494425287617
特定非営利活動法人日本・フィリピン文化産業交流協会,28,45000004500000
特定非営利活動法人日本文化普及交流機構,0,703100
特定非営利活動法人ＪＪＦＣ,15560327,15560327
特定非営利活動法人エルダーサポート協会,0,1843551121648931
特定非営利活動法人ごはん科学研究所,0,1
特定非営利活動法人バイオ＆ソーシャル・サイエンス推進国際研究交流会,5300000,50000005300000
特定非営利活動法人マイライフ,24012,1256624
特定非営利活動法人国民生活支援ネットワークいきよう会,8,3569000
特定非営利活動法人全国手技療法普及協会,0,20720
特定非営利活動法人新教育構想,331,81841
特定非営利活動法人新日華産業技術フォーラム,0,7
特定非営利活動法人雇用創出自立支援センター,24002482,2539262182
特定非営利活動法人有害化学物質削減ネットワーク,0,106318000
特定非営利活動法人彩文化財保存会,0,100
特定非営利活動法人コマＣＳＲ研究協会,0,81
特定非営利活動法人インターアクション・カウンシル日本委員会,59303621,59303621
特定非営利活動法人中国緑化と自然環境改善を支援する会,395000,395000
特定非営利活動法人女性人権機構,2155513,20300002030000
特定非営利活動法人国際情報健康推進支援協会,0,750985
特定非営利活動法人地域生活支援ネットワーク　ケアーサポート,0,3747783155179060
特定非営利活動法人日中クリエイティブ事業団,0,10000
特定非営利活動法人日本住宅性能検査協会,0,12053465
特定非営利活動法人日本抜刀道連盟,0,2
特定非営利活動法人日本災害救護推進協議会,5204649,5204649
特定非営利活動法人葬儀支援ネットワーク,9,21
特定非営利活動法人街づくりと資産継承ネットワーク協議会,8,18480001848000
特定非営利活動法人マザーズサポーター協会,0,28000711158900
特定非営利活動法人バラエティ　クラブ　ジャパン,2634216,12870001434000
特定非営利活動法人ひだまりの家,2005,1316004760084000
特定非営利活動法人保健事業支援会,2633228,26332282633228
特定非営利活動法人全日本人間ドック協会,267343,126000150000
特定非営利活動法人創業支援推進機構,94601554,6848833769033337
特定非営利活動法人国際地震予知研究会,21581,21581
特定非営利活動法人日本キャリア開発協会,0,3042200135017001
特定非営利活動法人日本ソーシャル・マイノリティ協会,17061078,12855001285500
特定非営利活動法人国際教育開発協会,0,24040002404000
特定非営利活動法人愛･地球プラットフォーム,11,17500111
特定非営利活動法人日本人権擁護協会,2525080,802525080
特定非営利活動法人日本災害医療支援機構,0,81
特定非営利活動法人環境ビオネット,0,200731
特定非営利活動法人ＮＰＯメディア・ネットワーク,65000,1794193
特定非営利活動法人日本メタデータ協議会,1440000,1440000
特定非営利活動法人人権推進国民会議,0,4
特定非営利活動法人ザ・ナショナル・トラスト　サポートセンター,528490,528490
特定非営利活動法人大阪湾沿岸域環境創造研究センター,0,266300026525001
特定非営利活動法人全国脳卒中者友の会連合会,9,465401818540
特定非営利活動法人聖パウロ国際福祉事業団,0,6
特定非営利活動法人資源再生機構,1,831
特定非営利活動法人自動化推進協会,10058499,617060617060
特定非営利活動法人日本防災標識協会,0,8
特定非営利活動法人日本美容健康協会,0,12
特定非営利活動法人日本住宅性能調査協会,9,51135905113590
特定非営利活動法人人材活用連携推進機構,85097,85097
特定非営利活動法人・精神的被害＆自殺をなくすＶｏｌｕｎｔｅｅｒ,11,1290000
特定非営利活動法人アクティブ倶楽部,0,16363145
特定非営利活動法人土岐川・庄内川サポートセンター,492000,450000450000
特定非営利活動法人救急ヘリ病院ネットワーク,0,38800000405752621775262
特定非営利活動法人ＩＲＳ,0,550000
特定非営利活動法人介護支援ピッケルニ,135360153,135360153
特定非営利活動法人予防医学・代替医療振興協会,0,14760801476080
